district,mandal,village,classification,price_per_sqyd,rate_type,scraped_at
RANGAREDDY,ABDULLAPURMET,ABDULLAPUR,ABDULLAPUR,2100.0,Non-Agriculture,2026-02-25T14:56:35.195393
RANGAREDDY,ABDULLAPURMET,ABDULLAPUR,WEAKER SECTION,2100.0,Non-Agriculture,2026-02-25T14:56:35.195939
RANGAREDDY,ABDULLAPURMET,ABDULLAPUR,ABDULLAPUR TO KAWADIPALLY,2100.0,Non-Agriculture,2026-02-25T14:56:35.195939
RANGAREDDY,ABDULLAPURMET,ABDULLAPUR,ABDULLAPUR TO LASKERGUDA,2100.0,Non-Agriculture,2026-02-25T14:56:35.196473
RANGAREDDY,ABDULLAPURMET,ABDULLAPUR,NH-IX ABDULLAPUR TO INAMGUDA,7100.0,Non-Agriculture,2026-02-25T14:56:35.197017
RANGAREDDY,ABDULLAPURMET,ABDULLAPUR,ABDULLAPUR-1,2100.0,Non-Agriculture,2026-02-25T14:56:35.197017
RANGAREDDY,ABDULLAPURMET,ABDULLAPUR,ABDULLAPUR TO KAWADIPALLY-3,2100.0,Non-Agriculture,2026-02-25T14:56:35.197455
RANGAREDDY,ABDULLAPURMET,ABDULLAPUR,ABDULLAPURMET NH NO.65-1-4,7100.0,Non-Agriculture,2026-02-25T14:56:35.197455
RANGAREDDY,ABDULLAPURMET,ABDULLAPUR,ABDULLAPURMET-3-5,2100.0,Non-Agriculture,2026-02-25T14:56:35.197965
RANGAREDDY,ABDULLAPURMET,ABDULLAPUR,WEAKER SECTION-2,2100.0,Non-Agriculture,2026-02-25T14:56:35.197965
RANGAREDDY,ABDULLAPURMET,ABDULLAPUR,ABDULLAPURMET-3,2100.0,Non-Agriculture,2026-02-25T14:56:35.198526
RANGAREDDY,ABDULLAPURMET,ABDULLAPUR,ABDULLAPURMET-4,2100.0,Non-Agriculture,2026-02-25T14:56:35.198526
RANGAREDDY,ABDULLAPURMET,ABDULLAPUR,ABDULLAPURMET-5,2100.0,Non-Agriculture,2026-02-25T14:56:35.199062
RANGAREDDY,ABDULLAPURMET,ABDULLAPUR,ABDULLAPURMET-9,2100.0,Non-Agriculture,2026-02-25T14:56:35.199062
RANGAREDDY,ABDULLAPURMET,ABDULLAPUR,ABDULLAPURMET-1,2100.0,Non-Agriculture,2026-02-25T14:56:35.199062
RANGAREDDY,ABDULLAPURMET,ABDULLAPUR,ABDULLAPUR TO LASKERGUDA-6,2100.0,Non-Agriculture,2026-02-25T14:56:35.199653
RANGAREDDY,ABDULLAPURMET,ABDULLAPUR,ABDULLAPURMET NH NO.65-1-7,7100.0,Non-Agriculture,2026-02-25T14:56:35.199653
RANGAREDDY,ABDULLAPURMET,ABDULLAPUR,ABDULLAPURMET-4-7,2100.0,Non-Agriculture,2026-02-25T14:56:35.199653
RANGAREDDY,ABDULLAPURMET,ABDULLAPUR,ABDULLAPURMET-5-9,2100.0,Non-Agriculture,2026-02-25T14:56:35.199653
RANGAREDDY,ABDULLAPURMET,ABDULLAPUR,NH-IX ABDULLAPUR TO INAMGUDA-1,7100.0,Non-Agriculture,2026-02-25T14:56:35.200212
RANGAREDDY,ABDULLAPURMET,ABDULLAPUR,ABDULLAPUR-11,2100.0,Non-Agriculture,2026-02-25T14:56:35.200212
RANGAREDDY,ABDULLAPURMET,ABDULLAPUR,ABDULLAPUR,2100.0,Non-Agriculture,2026-02-25T14:56:35.200212
RANGAREDDY,ABDULLAPURMET,ABDULLAPUR,ABDULLAPUR,2100.0,Non-Agriculture,2026-02-25T14:56:35.200756
RANGAREDDY,ABDULLAPURMET,ABDULLAPUR,ABDULLAPUR,2100.0,Non-Agriculture,2026-02-25T14:56:35.200756
RANGAREDDY,ABDULLAPURMET,ABDULLAPUR,ABDULLAPUR,2100.0,Non-Agriculture,2026-02-25T14:56:35.200756
RANGAREDDY,ABDULLAPURMET,ABDULLAPUR,ABDULLAPUR,2100.0,Non-Agriculture,2026-02-25T14:56:35.200756
RANGAREDDY,ABDULLAPURMET,ABDULLAPUR,ABDULLAPUR,2100.0,Non-Agriculture,2026-02-25T14:56:35.201308
RANGAREDDY,ABDULLAPURMET,ABDULLAPUR,ABDULLAPURMET NH NO.65-1,7100.0,Non-Agriculture,2026-02-25T14:56:35.201308
RANGAREDDY,ABDULLAPURMET,ABDULLAPUR,ABDULLAPURMET NH NO.65-1,7100.0,Non-Agriculture,2026-02-25T14:56:35.201841
RANGAREDDY,ABDULLAPURMET,ABDULLAPUR,ABDULLAPUR,2100.0,Non-Agriculture,2026-02-25T14:56:35.201841
RANGAREDDY,ABDULLAPURMET,ABDULLAPUR,ABDULLAPUR,2100.0,Non-Agriculture,2026-02-25T14:56:35.201841
RANGAREDDY,ABDULLAPURMET,ABDULLAPUR,ABDULLAPUR,2100.0,Non-Agriculture,2026-02-25T14:56:35.202390
RANGAREDDY,ABDULLAPURMET,ANAJPUR,ANAJPUR,2300.0,Non-Agriculture,2026-02-25T14:56:35.837653
RANGAREDDY,ABDULLAPURMET,ANAJPUR,ANAJPUR,2300.0,Non-Agriculture,2026-02-25T14:56:35.837653
RANGAREDDY,ABDULLAPURMET,ANAJPUR,ANAJPUR,2300.0,Non-Agriculture,2026-02-25T14:56:35.837653
RANGAREDDY,ABDULLAPURMET,ANAJPUR,ANAJPUR,2300.0,Non-Agriculture,2026-02-25T14:56:35.837653
RANGAREDDY,ABDULLAPURMET,ANAJPUR,ANAJPUR-1,2300.0,Non-Agriculture,2026-02-25T14:56:35.837653
RANGAREDDY,ABDULLAPURMET,ANAJPUR,ANAJPUR-1,2300.0,Non-Agriculture,2026-02-25T14:56:35.837653
RANGAREDDY,ABDULLAPURMET,BACHARAM,GRAMAKANTAM,2100.0,Non-Agriculture,2026-02-25T14:56:36.265098
RANGAREDDY,ABDULLAPURMET,BACHARAM,HOUSE PLOTS IN AROUND BACHARAM VILLAGE,2100.0,Non-Agriculture,2026-02-25T14:56:36.265098
RANGAREDDY,ABDULLAPURMET,BACHARAM,GRAMAKANTAM,2100.0,Non-Agriculture,2026-02-25T14:56:36.265098
RANGAREDDY,ABDULLAPURMET,BACHARAM,GRAMAKANTAM,2100.0,Non-Agriculture,2026-02-25T14:56:36.265098
RANGAREDDY,ABDULLAPURMET,BACHARAM,BACHARAM-6,2100.0,Non-Agriculture,2026-02-25T14:56:36.265098
RANGAREDDY,ABDULLAPURMET,BACHARAM,BACHARAM-7,2100.0,Non-Agriculture,2026-02-25T14:56:36.265098
RANGAREDDY,ABDULLAPURMET,BACHARAM,BACHARAM-8,2100.0,Non-Agriculture,2026-02-25T14:56:36.265098
RANGAREDDY,ABDULLAPURMET,BACHARAM,BACHARAM,2100.0,Non-Agriculture,2026-02-25T14:56:36.265098
RANGAREDDY,ABDULLAPURMET,BACHARAM,BACHARAM,2100.0,Non-Agriculture,2026-02-25T14:56:36.265098
RANGAREDDY,ABDULLAPURMET,BACHARAM,BACHARAM,2100.0,Non-Agriculture,2026-02-25T14:56:36.265098
RANGAREDDY,ABDULLAPURMET,BACHARAM,BACHARAM,2100.0,Non-Agriculture,2026-02-25T14:56:36.265098
RANGAREDDY,AMANGAL,AMANGAL,SANKATONIPALLY-16,1800.0,Non-Agriculture,2026-02-25T14:56:37.705478
RANGAREDDY,AMANGAL,AMANGAL,JANGAREDDYPALLY-17,1800.0,Non-Agriculture,2026-02-25T14:56:37.705478
RANGAREDDY,AMANGAL,AMANGAL,NUCHUGUTTA THANDA-18,1800.0,Non-Agriculture,2026-02-25T14:56:37.705478
RANGAREDDY,AMANGAL,AMANGAL,MURTUJAPALLY-19,1800.0,Non-Agriculture,2026-02-25T14:56:37.705478
RANGAREDDY,AMANGAL,AMANGAL,MEGIGADDA THANDA-2,1800.0,Non-Agriculture,2026-02-25T14:56:37.705478
RANGAREDDY,AMANGAL,AMANGAL,MEDIGADDA THANDA-21,1800.0,Non-Agriculture,2026-02-25T14:56:37.705478
RANGAREDDY,AMANGAL,AMANGAL,CHANDRAINPALLY THANDA-22,1800.0,Non-Agriculture,2026-02-25T14:56:37.705478
RANGAREDDY,AMANGAL,AMANGAL,SAKIBANDA THADA-23,1800.0,Non-Agriculture,2026-02-25T14:56:37.705478
RANGAREDDY,AMANGAL,AMANGAL,SHANKARAKONDA THANDA-24,1800.0,Non-Agriculture,2026-02-25T14:56:37.705478
RANGAREDDY,AMANGAL,AMANGAL,R AND B PWD ROAD FACING SHANKAR BALAJI COLONY-1,6000.0,Non-Agriculture,2026-02-25T14:56:37.705478
RANGAREDDY,AMANGAL,AMANGAL,SRIKANTH SHANKAR RAO BALAJI COLONYS-1,1800.0,Non-Agriculture,2026-02-25T14:56:37.705478
RANGAREDDY,AMANGAL,AMANGAL,COTTON MILL PLOTS APSEB SUBSTATION AREA AND I-2,1800.0,Non-Agriculture,2026-02-25T14:56:37.705478
RANGAREDDY,AMANGAL,AMANGAL,PWD ROAD FACING-2,6000.0,Non-Agriculture,2026-02-25T14:56:37.705478
RANGAREDDY,AMANGAL,AMANGAL,HAJIRAN WADA-3,1800.0,Non-Agriculture,2026-02-25T14:56:37.705478
RANGAREDDY,AMANGAL,AMANGAL,SALE GERI-4,1800.0,Non-Agriculture,2026-02-25T14:56:37.705478
RANGAREDDY,AMANGAL,AMANGAL,CHAKALI VADDE SALE GARIS-5,1800.0,Non-Agriculture,2026-02-25T14:56:37.705478
RANGAREDDY,AMANGAL,AMANGAL,SALE GARI-6,1800.0,Non-Agriculture,2026-02-25T14:56:37.705478
RANGAREDDY,AMANGAL,AMANGAL,POLICE STATION WADLA KAMMARI GARIS ROAD FACIN-7,9500.0,Non-Agriculture,2026-02-25T14:56:37.705478
RANGAREDDY,AMANGAL,AMANGAL,MUSLIM AND GUDA GERI-8,1800.0,Non-Agriculture,2026-02-25T14:56:37.705478
RANGAREDDY,AMANGAL,AMANGAL,MADGUL ROAD MUNNURU KAPU CHENATA SANGAM AREA-9,3200.0,Non-Agriculture,2026-02-25T14:56:37.705478
RANGAREDDY,AMANGAL,AMANGAL,HARIJAN WADA SRINIVASA COLONY MADGUL ROAD-11,1800.0,Non-Agriculture,2026-02-25T14:56:37.710434
RANGAREDDY,AMANGAL,AMANGAL,BC HOSTEL AND BC COLONY AREAS-12,3200.0,Non-Agriculture,2026-02-25T14:56:37.710434
RANGAREDDY,AMANGAL,AMANGAL,HYDERABAD TO SRISAILAM PWD ROAD-12,9500.0,Non-Agriculture,2026-02-25T14:56:37.710434
RANGAREDDY,AMANGAL,AMANGAL,PWD ROAD FACING-13,9800.0,Non-Agriculture,2026-02-25T14:56:37.710434
RANGAREDDY,AMANGAL,AMANGAL,VENKATESHWARA TALKIES AREA INTERIOR-14,3200.0,Non-Agriculture,2026-02-25T14:56:37.710434
RANGAREDDY,AMANGAL,AMANGAL,VENKATESHWARA TALKIES AREA ROAD FACING-14,9800.0,Non-Agriculture,2026-02-25T14:56:37.710434
RANGAREDDY,AMANGAL,AMANGAL,KESHAM PETA-15,3200.0,Non-Agriculture,2026-02-25T14:56:37.710434
RANGAREDDY,AMANGAL,AMANGAL,AMBEDKAR ROAD SRINIVASA TALKIES ROAD-1,1800.0,Non-Agriculture,2026-02-25T14:56:37.710434
RANGAREDDY,AMANGAL,AMANGAL,BC COLONY GURRAM GUTTA AND MARKENDEYA SWAMY T-13,3200.0,Non-Agriculture,2026-02-25T14:56:37.710434
RANGAREDDY,AMANGAL,AMANGAL,VENKATESHWARA COLONY ROAD FACING-15,9800.0,Non-Agriculture,2026-02-25T14:56:37.710434
RANGAREDDY,AMANGAL,AMANGAL,GP AREA AND INTERIOR-7,3200.0,Non-Agriculture,2026-02-25T14:56:37.710434
RANGAREDDY,BALAPUR,ALMASGUDA,HOUSE PLOTS IN AROUND ALMASGUDA VILLAGE,5300.0,Non-Agriculture,2026-02-25T14:56:39.211926
RANGAREDDY,BALAPUR,ALMASGUDA,OLD VILLAGE GRAMAKANTAM,5300.0,Non-Agriculture,2026-02-25T14:56:39.211926
RANGAREDDY,BALAPUR,ALMASGUDA,OLD VILLAGE,5300.0,Non-Agriculture,2026-02-25T14:56:39.211926
RANGAREDDY,BALAPUR,ALMASGUDA,OLD VILLAGE,5300.0,Non-Agriculture,2026-02-25T14:56:39.211926
RANGAREDDY,BALAPUR,ALMASGUDA,P P R COLONY,5300.0,Non-Agriculture,2026-02-25T14:56:39.216057
RANGAREDDY,BALAPUR,ALMASGUDA,RAMIDI BHOOMI REDDY NAGAR,5300.0,Non-Agriculture,2026-02-25T14:56:39.216057
RANGAREDDY,BALAPUR,ALMASGUDA,SHIRIDI NAGAR,5300.0,Non-Agriculture,2026-02-25T14:56:39.216057
RANGAREDDY,BALAPUR,ALMASGUDA,RAMIDI MALLA REDDY NAGAR,5300.0,Non-Agriculture,2026-02-25T14:56:39.216057
RANGAREDDY,BALAPUR,ALMASGUDA,VIJAYA LAXMI NAGAR,5300.0,Non-Agriculture,2026-02-25T14:56:39.216057
RANGAREDDY,BALAPUR,ALMASGUDA,MADHURA NAGAR,5300.0,Non-Agriculture,2026-02-25T14:56:39.216057
RANGAREDDY,BALAPUR,ALMASGUDA,CHIPPIDI YADAGIRI REDDY NAGAR,5300.0,Non-Agriculture,2026-02-25T14:56:39.216057
RANGAREDDY,BALAPUR,ALMASGUDA,CHIPPIDI YADAGIRI REDDY NAGAR,5300.0,Non-Agriculture,2026-02-25T14:56:39.216057
RANGAREDDY,BALAPUR,ALMASGUDA,SOUBHAGYA LAKSHMI NAGAR,5300.0,Non-Agriculture,2026-02-25T14:56:39.216057
RANGAREDDY,BALAPUR,ALMASGUDA,TIRUMAL NAGAR,5300.0,Non-Agriculture,2026-02-25T14:56:39.216057
RANGAREDDY,BALAPUR,ALMASGUDA,SRI SRI HOMES,5300.0,Non-Agriculture,2026-02-25T14:56:39.216057
RANGAREDDY,BALAPUR,ALMASGUDA,ADJECENT TO THIRUMAL NAGAR,5300.0,Non-Agriculture,2026-02-25T14:56:39.216057
RANGAREDDY,BALAPUR,ALMASGUDA,S S REDDY NAGAR,5300.0,Non-Agriculture,2026-02-25T14:56:39.216057
RANGAREDDY,BALAPUR,ALMASGUDA,ALMASGUDA VILLAGE RESIDENTIAL,5300.0,Non-Agriculture,2026-02-25T14:56:39.216057
RANGAREDDY,BALAPUR,ALMASGUDA,MADHURAPURI COLONY,5300.0,Non-Agriculture,2026-02-25T14:56:39.216057
RANGAREDDY,BALAPUR,ALMASGUDA,VISHAK NAGAR,5300.0,Non-Agriculture,2026-02-25T14:56:39.216057
RANGAREDDY,BALAPUR,ALMASGUDA,ALMASGUDA VILLAGE RESIDENTIAL,5300.0,Non-Agriculture,2026-02-25T14:56:39.216057
RANGAREDDY,BALAPUR,ALMASGUDA,ALMASGUDA VILLAGE RESIDENTIAL,5300.0,Non-Agriculture,2026-02-25T14:56:39.216057
RANGAREDDY,BALAPUR,ALMASGUDA,ALMASGUDA VILLAGE RESIDENTIAL,5300.0,Non-Agriculture,2026-02-25T14:56:39.216057
RANGAREDDY,BALAPUR,ALMASGUDA,ALMASGUDA VILLAGE RESIDENTIAL,5300.0,Non-Agriculture,2026-02-25T14:56:39.216057
RANGAREDDY,BALAPUR,ALMASGUDA,ALMASGUDA VILLAGE RESIDENTIAL,5300.0,Non-Agriculture,2026-02-25T14:56:39.216057
RANGAREDDY,BALAPUR,ALMASGUDA,ALMASGUDA VILLAGE RESIDENTIAL,5300.0,Non-Agriculture,2026-02-25T14:56:39.220788
RANGAREDDY,BALAPUR,ALMASGUDA,ALMASGUDA VILLAGE RESIDENTIAL,5300.0,Non-Agriculture,2026-02-25T14:56:39.220788
RANGAREDDY,BALAPUR,ALMASGUDA,ALMASGUDA VILLAGE RESIDENTIAL,5300.0,Non-Agriculture,2026-02-25T14:56:39.220788
RANGAREDDY,BALAPUR,ALMASGUDA,ALMASGUDA VILLAGE RESIDENTIAL,5300.0,Non-Agriculture,2026-02-25T14:56:39.220788
RANGAREDDY,BALAPUR,ALMASGUDA,ALMASGUDA VILLAGE RESIDENTIAL,5300.0,Non-Agriculture,2026-02-25T14:56:39.220788
RANGAREDDY,BALAPUR,ALMASGUDA,ALMASGUDA VILLAGE RESIDENTIAL,5300.0,Non-Agriculture,2026-02-25T14:56:39.220788
RANGAREDDY,BALAPUR,ALMASGUDA,ALMASGUDA VILLAGE RESIDENTIAL,5300.0,Non-Agriculture,2026-02-25T14:56:39.220788
RANGAREDDY,BALAPUR,ALMASGUDA,ALMASGUDA VILLAGE RESIDENTIAL,5300.0,Non-Agriculture,2026-02-25T14:56:39.220788
RANGAREDDY,BALAPUR,ALMASGUDA,ALMASGUDA VILLAGE RESIDENTIAL,5300.0,Non-Agriculture,2026-02-25T14:56:39.220788
RANGAREDDY,BALAPUR,ALMASGUDA,ALMASGUDA VILLAGE RESIDENTIAL,5300.0,Non-Agriculture,2026-02-25T14:56:39.220788
RANGAREDDY,BALAPUR,ALMASGUDA,ALMASGUDA VILLAGE RESIDENTIAL,5300.0,Non-Agriculture,2026-02-25T14:56:39.220788
RANGAREDDY,BALAPUR,ALMASGUDA,ALMASGUDA VILLAGE RESIDENTIAL,5300.0,Non-Agriculture,2026-02-25T14:56:39.220788
RANGAREDDY,BALAPUR,BADANGPET,CHAKAL BASTHI,5300.0,Non-Agriculture,2026-02-25T14:56:39.880843
RANGAREDDY,BALAPUR,BADANGPET,LENIN NAGAR TO BADANGPET MAIN ROAD-1,10500.0,Non-Agriculture,2026-02-25T14:56:39.880843
RANGAREDDY,BALAPUR,BADANGPET,OLD VILLAGE GARMAKANTAM,5300.0,Non-Agriculture,2026-02-25T14:56:39.880843
RANGAREDDY,BALAPUR,BADANGPET,BHEESHMA NAGAR,5300.0,Non-Agriculture,2026-02-25T14:56:39.880843
RANGAREDDY,BALAPUR,BADANGPET,LENIN NAGAR TO BADANGPET-2,10500.0,Non-Agriculture,2026-02-25T14:56:39.880843
RANGAREDDY,BALAPUR,BADANGPET,OLD VILLAGE,5300.0,Non-Agriculture,2026-02-25T14:56:39.880843
RANGAREDDY,BALAPUR,BADANGPET,SAMATHA NAGAR,5300.0,Non-Agriculture,2026-02-25T14:56:39.880843
RANGAREDDY,BALAPUR,BADANGPET,LENIN NAGAR TO BADANGPET-3,10500.0,Non-Agriculture,2026-02-25T14:56:39.880843
RANGAREDDY,BALAPUR,BADANGPET,OLD VILLAGE,5300.0,Non-Agriculture,2026-02-25T14:56:39.880843
RANGAREDDY,BALAPUR,BADANGPET,ARVA BASTHI,5300.0,Non-Agriculture,2026-02-25T14:56:39.880843
RANGAREDDY,BALAPUR,BADANGPET,LENIN NAGAR TO BADANGPET MAIN ROAD-4,10500.0,Non-Agriculture,2026-02-25T14:56:39.880843
RANGAREDDY,BALAPUR,BADANGPET,OLD VILLAGE,5300.0,Non-Agriculture,2026-02-25T14:56:39.880843
RANGAREDDY,BALAPUR,BADANGPET,TELEPHONE COLONY,5300.0,Non-Agriculture,2026-02-25T14:56:39.880843
RANGAREDDY,BALAPUR,BADANGPET,SAI VIHAR NAGAR,5300.0,Non-Agriculture,2026-02-25T14:56:39.880843
RANGAREDDY,BALAPUR,BADANGPET,ANNAPURANA NAGAR,5300.0,Non-Agriculture,2026-02-25T14:56:39.880843
RANGAREDDY,BALAPUR,BADANGPET,LENIN NAGAR TO BADANGPET MAIN ROAD-6,10500.0,Non-Agriculture,2026-02-25T14:56:39.880843
RANGAREDDY,BALAPUR,BADANGPET,UDHAYA NAGAR,5300.0,Non-Agriculture,2026-02-25T14:56:39.880843
RANGAREDDY,BALAPUR,BADANGPET,SAI PRABHU HOMES,5300.0,Non-Agriculture,2026-02-25T14:56:39.880843
RANGAREDDY,BALAPUR,BADANGPET,SRI SHIVA NARAYANPURAM,5300.0,Non-Agriculture,2026-02-25T14:56:39.880843
RANGAREDDY,BALAPUR,BADANGPET,SRI SHIVA NARAYANPURAM,5300.0,Non-Agriculture,2026-02-25T14:56:39.880843
RANGAREDDY,BALAPUR,BADANGPET,RAMA ENCLAVE,5300.0,Non-Agriculture,2026-02-25T14:56:39.880843
RANGAREDDY,BALAPUR,BADANGPET,SAI TOWNSHIP,5300.0,Non-Agriculture,2026-02-25T14:56:39.880843
RANGAREDDY,BALAPUR,BADANGPET,SEETHA HOMES,5300.0,Non-Agriculture,2026-02-25T14:56:39.880843
RANGAREDDY,BALAPUR,BADANGPET,AASHANGARI REDDY COLONY,5300.0,Non-Agriculture,2026-02-25T14:56:39.880843
RANGAREDDY,BALAPUR,BADANGPET,WEAKER COLONY GANDA REDDY NAGAR,5300.0,Non-Agriculture,2026-02-25T14:56:39.880843
RANGAREDDY,BALAPUR,BADANGPET,WEAKER COLONY GANDA REDDY NAGAR,5300.0,Non-Agriculture,2026-02-25T14:56:39.880843
RANGAREDDY,BALAPUR,BADANGPET,WEAKER COLONY GANDA REDDY NAGAR,5300.0,Non-Agriculture,2026-02-25T14:56:39.880843
RANGAREDDY,BALAPUR,BADANGPET,WEAKER COLONY GANDA REDDY NAGAR,5300.0,Non-Agriculture,2026-02-25T14:56:39.880843
RANGAREDDY,BALAPUR,BADANGPET,SHIRDI ENCLAVE,5300.0,Non-Agriculture,2026-02-25T14:56:39.880843
RANGAREDDY,BALAPUR,BADANGPET,SRI LAXMI ENCLAVE,5300.0,Non-Agriculture,2026-02-25T14:56:39.880843
RANGAREDDY,BALAPUR,BADANGPET,SAI NAGAR DOBI GHAT,5300.0,Non-Agriculture,2026-02-25T14:56:39.880843
RANGAREDDY,BALAPUR,BADANGPET,SHIVA SAI NAGAR,5300.0,Non-Agriculture,2026-02-25T14:56:39.888443
RANGAREDDY,BALAPUR,BADANGPET,SEETHA MEDOWS,5300.0,Non-Agriculture,2026-02-25T14:56:39.888443
RANGAREDDY,BALAPUR,BADANGPET,SEETHA HOMES,5300.0,Non-Agriculture,2026-02-25T14:56:39.888443
RANGAREDDY,BALAPUR,BADANGPET,HARITHA ENCLAVE,5300.0,Non-Agriculture,2026-02-25T14:56:39.889275
RANGAREDDY,BALAPUR,BADANGPET,NAVAYUGA ENCLAVE,5300.0,Non-Agriculture,2026-02-25T14:56:39.889275
RANGAREDDY,BALAPUR,BADANGPET,SRI NILAYA TOWNSHIP,5300.0,Non-Agriculture,2026-02-25T14:56:39.889275
RANGAREDDY,BALAPUR,BADANGPET,SRI NILAYA TOWNSHIP,5300.0,Non-Agriculture,2026-02-25T14:56:39.889275
RANGAREDDY,BALAPUR,BADANGPET,MCR COLONY,5300.0,Non-Agriculture,2026-02-25T14:56:39.889275
RANGAREDDY,BALAPUR,BADANGPET,ADJ TO MCR COLONY,5300.0,Non-Agriculture,2026-02-25T14:56:39.890390
RANGAREDDY,BALAPUR,BADANGPET,TSR NAGAR,5300.0,Non-Agriculture,2026-02-25T14:56:39.890390
RANGAREDDY,BALAPUR,BADANGPET,SBR ENCLAVE,5300.0,Non-Agriculture,2026-02-25T14:56:39.890390
RANGAREDDY,BALAPUR,BADANGPET,SRI VIDYA TOWNSHIP,5300.0,Non-Agriculture,2026-02-25T14:56:39.890390
RANGAREDDY,BALAPUR,BADANGPET,LAXMI DURGA HILLS,5300.0,Non-Agriculture,2026-02-25T14:56:39.890390
RANGAREDDY,BALAPUR,BADANGPET,BADANGPET VILLAGE RESIDENTIAL,5300.0,Non-Agriculture,2026-02-25T14:56:39.890390
RANGAREDDY,BALAPUR,BADANGPET,HOUSE PLOTS IN AROUND BADANGPET VILLAGE,5300.0,Non-Agriculture,2026-02-25T14:56:39.890390
RANGAREDDY,BALAPUR,BADANGPET,BADANGPET VILLAGE RESIDENTIAL,5300.0,Non-Agriculture,2026-02-25T14:56:39.890390
RANGAREDDY,BALAPUR,BADANGPET,BADANGPET VILLAGE RESIDENTIAL,5300.0,Non-Agriculture,2026-02-25T14:56:39.890390
RANGAREDDY,BALAPUR,BADANGPET,BADANGPET VILLAGE RESIDENTIAL,5300.0,Non-Agriculture,2026-02-25T14:56:39.890390
RANGAREDDY,BALAPUR,BADANGPET,BADANGPET VILLAGE RESIDENTIAL,5300.0,Non-Agriculture,2026-02-25T14:56:39.890390
RANGAREDDY,BALAPUR,BADANGPET,BADANGPET VILLAGE RESIDENTIAL,5300.0,Non-Agriculture,2026-02-25T14:56:39.890390
RANGAREDDY,BALAPUR,BADANGPET,BADANGPET VILLAGE RESIDENTIAL,5300.0,Non-Agriculture,2026-02-25T14:56:39.890390
RANGAREDDY,BALAPUR,BADANGPET,BADANGPET VILLAGE RESIDENTIAL,5300.0,Non-Agriculture,2026-02-25T14:56:39.890390
RANGAREDDY,BALAPUR,BADANGPET,BADANGPET VILLAGE RESIDENTIAL,5300.0,Non-Agriculture,2026-02-25T14:56:39.890390
RANGAREDDY,BALAPUR,BADANGPET,BADANGPET VILLAGE RESIDENTIAL,5300.0,Non-Agriculture,2026-02-25T14:56:39.890390
RANGAREDDY,BALAPUR,BADANGPET,BADANGPET VILLAGE RESIDENTIAL,5300.0,Non-Agriculture,2026-02-25T14:56:39.890390
RANGAREDDY,BALAPUR,BADANGPET,BADANGPET VILLAGE RESIDENTIAL,5300.0,Non-Agriculture,2026-02-25T14:56:39.890390
RANGAREDDY,BALAPUR,BADANGPET,BADANGPET VILLAGE RESIDENTIAL,5300.0,Non-Agriculture,2026-02-25T14:56:39.890390
RANGAREDDY,BALAPUR,BADANGPET,BADANGPET VILLAGE RESIDENTIAL,5300.0,Non-Agriculture,2026-02-25T14:56:39.890390
RANGAREDDY,BALAPUR,BADANGPET,BADANGPET VILLAGE RESIDENTIAL,5300.0,Non-Agriculture,2026-02-25T14:56:39.890390
RANGAREDDY,BALAPUR,BALAPUR,BALAPUR VILLAGE-1,4200.0,Non-Agriculture,2026-02-25T14:56:40.496101
RANGAREDDY,BALAPUR,BALAPUR,BALAPUR VILLAGE-1,4200.0,Non-Agriculture,2026-02-25T14:56:40.496101
RANGAREDDY,BALAPUR,BALAPUR,BALAPUR VILLAGE-1,4200.0,Non-Agriculture,2026-02-25T14:56:40.496101
RANGAREDDY,BALAPUR,BALAPUR,BALAPUR VILLAGE-1,4200.0,Non-Agriculture,2026-02-25T14:56:40.496101
RANGAREDDY,BALAPUR,BALAPUR,BALAPUR VILLAGE-1,4200.0,Non-Agriculture,2026-02-25T14:56:40.496101
RANGAREDDY,BALAPUR,BALAPUR,BALAPUR VILLAGE-1,4200.0,Non-Agriculture,2026-02-25T14:56:40.496101
RANGAREDDY,BALAPUR,BALAPUR,BALAPUR VILLAGE,4200.0,Non-Agriculture,2026-02-25T14:56:40.496101
RANGAREDDY,BALAPUR,BALAPUR,RCI ROAD FACING,8400.0,Non-Agriculture,2026-02-25T14:56:40.496101
RANGAREDDY,BALAPUR,BALAPUR,BALAPUR VILLAGE-1,4200.0,Non-Agriculture,2026-02-25T14:56:40.496101
RANGAREDDY,BALAPUR,BALAPUR,BALAPUR VILLAGE-1,4200.0,Non-Agriculture,2026-02-25T14:56:40.496101
RANGAREDDY,BALAPUR,BALAPUR,BALAPUR VILLAGE-1,4200.0,Non-Agriculture,2026-02-25T14:56:40.496101
RANGAREDDY,BALAPUR,BALAPUR,BALAPUR VILLAGE-1,4200.0,Non-Agriculture,2026-02-25T14:56:40.496101
RANGAREDDY,BALAPUR,BALAPUR,BALAPUR VILLAGE-1,4200.0,Non-Agriculture,2026-02-25T14:56:40.496101
RANGAREDDY,BALAPUR,BALAPUR,BALAPUR VILLAGE-1,4200.0,Non-Agriculture,2026-02-25T14:56:40.496101
RANGAREDDY,BALAPUR,BALAPUR,BALAPUR VILLAGE,4200.0,Non-Agriculture,2026-02-25T14:56:40.506302
RANGAREDDY,BALAPUR,BALAPUR,CPNR GREEN CITY/SRI CHAITANYA COLONY,4200.0,Non-Agriculture,2026-02-25T14:56:40.506302
RANGAREDDY,BALAPUR,BALAPUR,BALAPUR /ANJI REDDY COLONY/VENKATESHWARA COLO,4200.0,Non-Agriculture,2026-02-25T14:56:40.506302
RANGAREDDY,BALAPUR,BALAPUR,ORCHID RESIDENCY/SRI CHAITANYA COLONY,4200.0,Non-Agriculture,2026-02-25T14:56:40.506302
RANGAREDDY,BALAPUR,BALAPUR,THE PRIDE COLONY/MEGA DREAM DITY/SAI PRABHU H,4200.0,Non-Agriculture,2026-02-25T14:56:40.506302
RANGAREDDY,BALAPUR,BALAPUR,SHAREEF NAGAR/AYODHYA NAGAR,4200.0,Non-Agriculture,2026-02-25T14:56:40.506967
RANGAREDDY,BALAPUR,BALAPUR,ANJI REDDY COLONY/SITA AVENUE/SITA ANNEX,4200.0,Non-Agriculture,2026-02-25T14:56:40.506967
RANGAREDDY,BALAPUR,BALAPUR,MEGA DREAM CITY/SHAREEF NAGAR/THE PRIDE COLON,4200.0,Non-Agriculture,2026-02-25T14:56:40.506967
RANGAREDDY,BALAPUR,BALAPUR,VASAVI NAGAR,4200.0,Non-Agriculture,2026-02-25T14:56:40.506967
RANGAREDDY,BALAPUR,BALAPUR,AYODHYA NAGAR COLONY/PRABHU HOMES COLONY/SRI,4200.0,Non-Agriculture,2026-02-25T14:56:40.506967
RANGAREDDY,BALAPUR,BALAPUR,SRI SAI NAGAR COLONY/SEETHA ENCLAVE,4200.0,Non-Agriculture,2026-02-25T14:56:40.506967
RANGAREDDY,BALAPUR,BALAPUR,Royal Colony/Teachers Colony/Green City/Metro,4200.0,Non-Agriculture,2026-02-25T14:56:40.506967
RANGAREDDY,BALAPUR,BALAPUR,YELIMATI NAGAR COLONY/SINGI REDDY CHANDRA RED,4200.0,Non-Agriculture,2026-02-25T14:56:40.506967
RANGAREDDY,BALAPUR,BALAPUR,Bismillaha Colony/Sunrise Colony/Haroon Colon,4200.0,Non-Agriculture,2026-02-25T14:56:40.506967
RANGAREDDY,BALAPUR,BALAPUR,SITA ANNEX/CPNR GREEN CITY/METRO CITY PART,4200.0,Non-Agriculture,2026-02-25T14:56:40.506967
RANGAREDDY,BALAPUR,BALAPUR,ORCHID RESIDENCY/SRI CHAITANYA COLONY/SITA AV,4200.0,Non-Agriculture,2026-02-25T14:56:40.506967
RANGAREDDY,BALAPUR,BALAPUR,Yahiya Abdullah Nagar/ Osman Nagar/ Habeeb Co,4200.0,Non-Agriculture,2026-02-25T14:56:40.506967
RANGAREDDY,BALAPUR,BALAPUR,SaifColony/ Alien Colony/ Zubeedi Colony,4200.0,Non-Agriculture,2026-02-25T14:56:40.506967
RANGAREDDY,BALAPUR,BALAPUR,SRISAILAM HIGHWAY ROAD FACING,8400.0,Non-Agriculture,2026-02-25T14:56:40.506967
RANGAREDDY,BALAPUR,BALAPUR,BALAPUR VILLAGE,4200.0,Non-Agriculture,2026-02-25T14:56:40.506967
RANGAREDDY,BALAPUR,BALAPUR,SRISAILAM HIGHWAY ROAD FACING,8400.0,Non-Agriculture,2026-02-25T14:56:40.506967
RANGAREDDY,BALAPUR,BALAPUR,BALAPUR VILLAGE,4200.0,Non-Agriculture,2026-02-25T14:56:40.506967
RANGAREDDY,BALAPUR,BALAPUR,SRISAILAM HIGHWAY ROAD FACING,8400.0,Non-Agriculture,2026-02-25T14:56:40.506967
RANGAREDDY,BALAPUR,BALAPUR,BALAPUR VILLAGE-1,4200.0,Non-Agriculture,2026-02-25T14:56:40.506967
RANGAREDDY,BALAPUR,BALAPUR,BALAPUR-18,4200.0,Non-Agriculture,2026-02-25T14:56:40.506967
RANGAREDDY,BALAPUR,BALAPUR,BALAPUR-19,4200.0,Non-Agriculture,2026-02-25T14:56:40.506967
RANGAREDDY,BALAPUR,BALAPUR,BALAPUR-2,4200.0,Non-Agriculture,2026-02-25T14:56:40.506967
RANGAREDDY,BALAPUR,BALAPUR,BALAPUR-21,4200.0,Non-Agriculture,2026-02-25T14:56:40.506967
RANGAREDDY,BALAPUR,BALAPUR,BALAPUR-22,4200.0,Non-Agriculture,2026-02-25T14:56:40.506967
RANGAREDDY,BALAPUR,BALAPUR,Quba Colony/ Wadi-E-Mustaffa/ Wadi-E-Huda/ Ne,4200.0,Non-Agriculture,2026-02-25T14:56:40.506967
RANGAREDDY,BALAPUR,BALAPUR,Shaheen Nagar/ Wadi-E-Aam/ Ali Hills Colony,4200.0,Non-Agriculture,2026-02-25T14:56:40.506967
RANGAREDDY,BALAPUR,BALAPUR,Wadi-E-Omer/ Shah Hills/ Wadi-E-Saleheen Phas,4200.0,Non-Agriculture,2026-02-25T14:56:40.506967
RANGAREDDY,BALAPUR,BALAPUR,Wadi-E-Omer/ Wadi-E-Huda/ New Baba Nagar/ Al-,4200.0,Non-Agriculture,2026-02-25T14:56:40.506967
RANGAREDDY,BALAPUR,BALAPUR,Ali Nagar/ Markas Area/ Minar Colony/ Zameel,4200.0,Non-Agriculture,2026-02-25T14:56:40.506967
RANGAREDDY,CHOWDERGUDEM,CHEGIREDDI GHANPUR,CHEGIREDDI GHANPUR,700.0,Non-Agriculture,2026-02-25T14:56:44.182882
RANGAREDDY,CHOWDERGUDEM,CHEGIREDDI GHANPUR,CHEGIREDDI GHANPUR,700.0,Non-Agriculture,2026-02-25T14:56:44.182882
RANGAREDDY,CHOWDERGUDEM,CHEGIREDDI GHANPUR,CHEGIREDDI GHANPUR,700.0,Non-Agriculture,2026-02-25T14:56:44.182882
RANGAREDDY,CHOWDERGUDEM,CHEGIREDDI GHANPUR,CHEGIREDDI GHANPUR,700.0,Non-Agriculture,2026-02-25T14:56:44.182882
RANGAREDDY,CHOWDERGUDEM,CHEGIREDDI GHANPUR,CHEGIREDDI GHANPUR,700.0,Non-Agriculture,2026-02-25T14:56:44.182882
RANGAREDDY,CHOWDERGUDEM,CHEGIREDDI GHANPUR,CHEGIREDDI GHANPUR,700.0,Non-Agriculture,2026-02-25T14:56:44.182882
MEDCHAL-MALKAJGIRI,ALWAL,AKBARJHA,AKBERJAN,9200.0,Non-Agriculture,2026-02-25T14:56:45.829338
MEDCHAL-MALKAJGIRI,ALWAL,AKBARJHA,AKBERJAN COMM-2,9200.0,Non-Agriculture,2026-02-25T14:56:45.829338
MEDCHAL-MALKAJGIRI,ALWAL,AKBARJHA,AKBARJA,9200.0,Non-Agriculture,2026-02-25T14:56:45.829338
MEDCHAL-MALKAJGIRI,ALWAL,AKBARJHA,REST OF THE AREA,9200.0,Non-Agriculture,2026-02-25T14:56:45.829338
MEDCHAL-MALKAJGIRI,ALWAL,AKBARJHA,SEVEN TEMPLE TO RUKMINI ENCLAVE ROAD,9200.0,Non-Agriculture,2026-02-25T14:56:45.829338
MEDCHAL-MALKAJGIRI,ALWAL,ALWAL (M),BANDAMIDI BASTHI,9200.0,Non-Agriculture,2026-02-25T14:56:47.274251
MEDCHAL-MALKAJGIRI,ALWAL,ALWAL (M),BANDAMIDIBASTHI COMM-2,9200.0,Non-Agriculture,2026-02-25T14:56:47.274251
MEDCHAL-MALKAJGIRI,ALWAL,ALWAL (M),OLD ALWAL,9200.0,Non-Agriculture,2026-02-25T14:56:47.274251
MEDCHAL-MALKAJGIRI,ALWAL,ALWAL (M),OLD ALWAL COMM-2,9200.0,Non-Agriculture,2026-02-25T14:56:47.274251
MEDCHAL-MALKAJGIRI,ALWAL,ALWAL (M),REST OF THE AREA,9200.0,Non-Agriculture,2026-02-25T14:56:47.274251
MEDCHAL-MALKAJGIRI,ALWAL,ALWAL (M),SAKALA BASTHI,9200.0,Non-Agriculture,2026-02-25T14:56:47.274251
MEDCHAL-MALKAJGIRI,ALWAL,ALWAL (M),SAKALA BASTHI-2,9200.0,Non-Agriculture,2026-02-25T14:56:47.274251
MEDCHAL-MALKAJGIRI,ALWAL,ALWAL (M),KUMMARI BASTHI,9200.0,Non-Agriculture,2026-02-25T14:56:47.274251
MEDCHAL-MALKAJGIRI,ALWAL,ALWAL (M),KUMMARI BASTHI COMM-2,9200.0,Non-Agriculture,2026-02-25T14:56:47.274251
MEDCHAL-MALKAJGIRI,ALWAL,ALWAL (M),OLD ALWAL COMM-2,9200.0,Non-Agriculture,2026-02-25T14:56:47.274251
MEDCHAL-MALKAJGIRI,ALWAL,ALWAL (M),OLD ALWL,9200.0,Non-Agriculture,2026-02-25T14:56:47.274251
MEDCHAL-MALKAJGIRI,ALWAL,ALWAL (M),REST OF THE AREA,9200.0,Non-Agriculture,2026-02-25T14:56:47.274251
MEDCHAL-MALKAJGIRI,ALWAL,ALWAL (M),ANAND RAO NAGAR,9200.0,Non-Agriculture,2026-02-25T14:56:47.274251
MEDCHAL-MALKAJGIRI,ALWAL,ALWAL (M),ANAND RAO NAGAR COMM-2,9200.0,Non-Agriculture,2026-02-25T14:56:47.274251
MEDCHAL-MALKAJGIRI,ALWAL,ALWAL (M),BHEEM RAO NAGAR,9200.0,Non-Agriculture,2026-02-25T14:56:47.274251
MEDCHAL-MALKAJGIRI,ALWAL,ALWAL (M),BHEEM RAO NAGAR COMM-2,9200.0,Non-Agriculture,2026-02-25T14:56:47.274251
MEDCHAL-MALKAJGIRI,ALWAL,ALWAL (M),JANAKI NAGAR,9200.0,Non-Agriculture,2026-02-25T14:56:47.278111
MEDCHAL-MALKAJGIRI,ALWAL,ALWAL (M),JANAKI NAGAR COMM-2,9200.0,Non-Agriculture,2026-02-25T14:56:47.278111
MEDCHAL-MALKAJGIRI,ALWAL,ALWAL (M),OLD ALWAL,9200.0,Non-Agriculture,2026-02-25T14:56:47.278111
MEDCHAL-MALKAJGIRI,ALWAL,ALWAL (M),OLD ALWAL COMM-2,9200.0,Non-Agriculture,2026-02-25T14:56:47.278627
MEDCHAL-MALKAJGIRI,ALWAL,ALWAL (M),KUMMARI BASTHI,9200.0,Non-Agriculture,2026-02-25T14:56:47.278627
MEDCHAL-MALKAJGIRI,ALWAL,ALWAL (M),KUMMARI BASTHI COMM-2,9200.0,Non-Agriculture,2026-02-25T14:56:47.278627
MEDCHAL-MALKAJGIRI,ALWAL,ALWAL (M),OLD ALWAL,9200.0,Non-Agriculture,2026-02-25T14:56:47.278627
MEDCHAL-MALKAJGIRI,ALWAL,ALWAL (M),OLD ALWAL COMM-2,9200.0,Non-Agriculture,2026-02-25T14:56:47.278627
MEDCHAL-MALKAJGIRI,ALWAL,ALWAL (M),REST OF THE AREA,9200.0,Non-Agriculture,2026-02-25T14:56:47.278627
MEDCHAL-MALKAJGIRI,ALWAL,ALWAL (M),AMBEDKAR COLONY,9200.0,Non-Agriculture,2026-02-25T14:56:47.278627
MEDCHAL-MALKAJGIRI,ALWAL,ALWAL (M),AMBEDKAR COLONY COMM-2,9200.0,Non-Agriculture,2026-02-25T14:56:47.278627
MEDCHAL-MALKAJGIRI,ALWAL,ALWAL (M),AYYAPPA NAGAR,9200.0,Non-Agriculture,2026-02-25T14:56:47.278627
MEDCHAL-MALKAJGIRI,ALWAL,ALWAL (M),AYYAPPA NAGAR COMM-2,9200.0,Non-Agriculture,2026-02-25T14:56:47.278627
MEDCHAL-MALKAJGIRI,ALWAL,ALWAL (M),BHAVANI NAGAR,9200.0,Non-Agriculture,2026-02-25T14:56:47.278627
MEDCHAL-MALKAJGIRI,ALWAL,ALWAL (M),BHAVANI NAGAR COMM-2,9200.0,Non-Agriculture,2026-02-25T14:56:47.278627
MEDCHAL-MALKAJGIRI,ALWAL,ALWAL (M),CHINNAMA THOTA,9200.0,Non-Agriculture,2026-02-25T14:56:47.278627
MEDCHAL-MALKAJGIRI,ALWAL,ALWAL (M),FATHER BALAIAH NAGAR,9200.0,Non-Agriculture,2026-02-25T14:56:47.278627
MEDCHAL-MALKAJGIRI,ALWAL,ALWAL (M),FATHER BALAIAH NAGAR COMM-2,9200.0,Non-Agriculture,2026-02-25T14:56:47.278627
MEDCHAL-MALKAJGIRI,ALWAL,ALWAL (M),JONNABANDA,9200.0,Non-Agriculture,2026-02-25T14:56:47.278627
MEDCHAL-MALKAJGIRI,ALWAL,ALWAL (M),JONNABANDA COMM-2,9200.0,Non-Agriculture,2026-02-25T14:56:47.278627
MEDCHAL-MALKAJGIRI,ALWAL,ALWAL (M),LAXMI NAGAR,9200.0,Non-Agriculture,2026-02-25T14:56:47.278627
MEDCHAL-MALKAJGIRI,ALWAL,ALWAL (M),LAXMI NAGAR COMM-2,9200.0,Non-Agriculture,2026-02-25T14:56:47.278627
MEDCHAL-MALKAJGIRI,ALWAL,ALWAL (M),OLD ALWAL COMM-2,9200.0,Non-Agriculture,2026-02-25T14:56:47.278627
MEDCHAL-MALKAJGIRI,ALWAL,ALWAL (M),PRASHANTH NAGAR,9200.0,Non-Agriculture,2026-02-25T14:56:47.278627
MEDCHAL-MALKAJGIRI,ALWAL,ALWAL (M),PRASHANTH NAGAR COMM-2,9200.0,Non-Agriculture,2026-02-25T14:56:47.278627
MEDCHAL-MALKAJGIRI,ALWAL,ALWAL (M),REST OF THE AREA,9200.0,Non-Agriculture,2026-02-25T14:56:47.282771
MEDCHAL-MALKAJGIRI,ALWAL,ALWAL (M),SRI NAGAR COLONY,9200.0,Non-Agriculture,2026-02-25T14:56:47.282771
MEDCHAL-MALKAJGIRI,ALWAL,ALWAL (M),SUBASH NAGAR,10200.0,Non-Agriculture,2026-02-25T14:56:47.282771
MEDCHAL-MALKAJGIRI,ALWAL,ALWAL (M),SUBASHNAGAR COMM-2,10200.0,Non-Agriculture,2026-02-25T14:56:47.282771
MEDCHAL-MALKAJGIRI,ALWAL,ALWAL (M),KANAJIGUDA,14200.0,Non-Agriculture,2026-02-25T14:56:47.282771
MEDCHAL-MALKAJGIRI,ALWAL,ALWAL (M),KANAJIGUDA COMM-2,14200.0,Non-Agriculture,2026-02-25T14:56:47.282771
MEDCHAL-MALKAJGIRI,ALWAL,ALWAL (M),KANOJIGUDA COMM-2,14200.0,Non-Agriculture,2026-02-25T14:56:47.282771
MEDCHAL-MALKAJGIRI,ALWAL,ALWAL (M),LAXMINAGAR COLONY,14200.0,Non-Agriculture,2026-02-25T14:56:47.282771
MEDCHAL-MALKAJGIRI,ALWAL,ALWAL (M),LAXMINAGAR COLONY COMM-2,14200.0,Non-Agriculture,2026-02-25T14:56:47.284218
MEDCHAL-MALKAJGIRI,ALWAL,ALWAL (M),PCO BANK COLONY,14200.0,Non-Agriculture,2026-02-25T14:56:47.284218
MEDCHAL-MALKAJGIRI,ALWAL,ALWAL (M),PCO BANK COLONY COMM-2,14200.0,Non-Agriculture,2026-02-25T14:56:47.284218
MEDCHAL-MALKAJGIRI,ALWAL,ALWAL (M),REST OF THE AREA,14200.0,Non-Agriculture,2026-02-25T14:56:47.284218
MEDCHAL-MALKAJGIRI,ALWAL,ALWAL (M),SAI NAGAR BANK COLONY COMM-2,14200.0,Non-Agriculture,2026-02-25T14:56:47.284218
MEDCHAL-MALKAJGIRI,ALWAL,ALWAL (M),SAINAGAR BANK COLONY,14200.0,Non-Agriculture,2026-02-25T14:56:47.284218
MEDCHAL-MALKAJGIRI,ALWAL,ALWAL (M),SHIVANAGAR,14200.0,Non-Agriculture,2026-02-25T14:56:47.284218
MEDCHAL-MALKAJGIRI,ALWAL,ALWAL (M),SHIVANAGAR COMM-2,14200.0,Non-Agriculture,2026-02-25T14:56:47.284218
MEDCHAL-MALKAJGIRI,ALWAL,ALWAL (M),TIRUMALANAGAR COMM-2,14200.0,Non-Agriculture,2026-02-25T14:56:47.284218
MEDCHAL-MALKAJGIRI,ALWAL,ALWAL (M),TIRUMALANAGAR KANOJIGUDA,14200.0,Non-Agriculture,2026-02-25T14:56:47.284218
MEDCHAL-MALKAJGIRI,ALWAL,ALWAL (M),VENKATESHWAR COLONY,14200.0,Non-Agriculture,2026-02-25T14:56:47.285997
MEDCHAL-MALKAJGIRI,ALWAL,ALWAL (M),VENKATESHWAR COLONY COMM-2,14200.0,Non-Agriculture,2026-02-25T14:56:47.285997
MEDCHAL-MALKAJGIRI,ALWAL,ALWAL (M),INDIRANAGAR WEAKER SECTION COMM-2,14200.0,Non-Agriculture,2026-02-25T14:56:47.285997
MEDCHAL-MALKAJGIRI,ALWAL,ALWAL (M),RAJIVGANDHI NAGAR,14200.0,Non-Agriculture,2026-02-25T14:56:47.286671
MEDCHAL-MALKAJGIRI,ALWAL,ALWAL (M),REST OF THE AREA,14200.0,Non-Agriculture,2026-02-25T14:56:47.286671
MEDCHAL-MALKAJGIRI,ALWAL,ALWAL (M),GREENFIELD HOUSING COLONY,14200.0,Non-Agriculture,2026-02-25T14:56:47.286671
MEDCHAL-MALKAJGIRI,ALWAL,ALWAL (M),GREENFIELD HOUSING COLONY COMM-2,14200.0,Non-Agriculture,2026-02-25T14:56:47.286671
MEDCHAL-MALKAJGIRI,ALWAL,ALWAL (M),REST OF THE AREA,14200.0,Non-Agriculture,2026-02-25T14:56:47.286671
MEDCHAL-MALKAJGIRI,ALWAL,ALWAL (M),SWHS COLONY,14200.0,Non-Agriculture,2026-02-25T14:56:47.286671
MEDCHAL-MALKAJGIRI,ALWAL,ALWAL (M),SWHS COLONY COMM-2,14200.0,Non-Agriculture,2026-02-25T14:56:47.286671
MEDCHAL-MALKAJGIRI,ALWAL,ALWAL (M),TELECOMMUNICATION CLY,14200.0,Non-Agriculture,2026-02-25T14:56:47.286671
MEDCHAL-MALKAJGIRI,ALWAL,ALWAL (M),TELECOMMUNICATION COLONY COMM-2,14200.0,Non-Agriculture,2026-02-25T14:56:47.286671
MEDCHAL-MALKAJGIRI,ALWAL,ALWAL (M),ATKONS COLONY,14200.0,Non-Agriculture,2026-02-25T14:56:47.286671
MEDCHAL-MALKAJGIRI,ALWAL,ALWAL (M),ATKONS COLONY COMM-2,14200.0,Non-Agriculture,2026-02-25T14:56:47.286671
MEDCHAL-MALKAJGIRI,ALWAL,ALWAL (M),REST OF THE AREA,14200.0,Non-Agriculture,2026-02-25T14:56:47.286671
MEDCHAL-MALKAJGIRI,ALWAL,ALWAL (M),RTC COLONY,14200.0,Non-Agriculture,2026-02-25T14:56:47.288852
MEDCHAL-MALKAJGIRI,ALWAL,ALWAL (M),RTC COLONY COMM-2,14200.0,Non-Agriculture,2026-02-25T14:56:47.288852
MEDCHAL-MALKAJGIRI,ALWAL,ALWAL (M),SRI NAGAR COLONY COMM-2,9200.0,Non-Agriculture,2026-02-25T14:56:47.288852
MEDCHAL-MALKAJGIRI,ALWAL,ALWAL (M),SURYA NAGAR,9200.0,Non-Agriculture,2026-02-25T14:56:47.289365
MEDCHAL-MALKAJGIRI,ALWAL,ALWAL (M),SURYA NAGAR COMM-2,9200.0,Non-Agriculture,2026-02-25T14:56:47.289365
MEDCHAL-MALKAJGIRI,ALWAL,ALWAL (M),VAJRA ENCLAVE,9200.0,Non-Agriculture,2026-02-25T14:56:47.289365
MEDCHAL-MALKAJGIRI,ALWAL,ALWAL (M),VAJRA ENCLAVE COMM-2,9200.0,Non-Agriculture,2026-02-25T14:56:47.289365
MEDCHAL-MALKAJGIRI,ALWAL,ALWAL (M),VASAVI ENCLAVE,9200.0,Non-Agriculture,2026-02-25T14:56:47.289365
MEDCHAL-MALKAJGIRI,ALWAL,ALWAL (M),VASAVI ENCLAVE COMM-2,9200.0,Non-Agriculture,2026-02-25T14:56:47.289365
MEDCHAL-MALKAJGIRI,ALWAL,ALWAL (M),DINAKAR NAGAR,9200.0,Non-Agriculture,2026-02-25T14:56:47.289365
MEDCHAL-MALKAJGIRI,ALWAL,ALWAL (M),DINAKAR NAGAR COMM-2,9200.0,Non-Agriculture,2026-02-25T14:56:47.289365
MEDCHAL-MALKAJGIRI,ALWAL,ALWAL (M),HARIJAN BASTHI COMM-2,9200.0,Non-Agriculture,2026-02-25T14:56:47.291870
MEDCHAL-MALKAJGIRI,ALWAL,ALWAL (M),HARIJAN NAGAR,9200.0,Non-Agriculture,2026-02-25T14:56:47.291870
MEDCHAL-MALKAJGIRI,ALWAL,ALWAL (M),REST OF THE AREA,9200.0,Non-Agriculture,2026-02-25T14:56:47.291870
MEDCHAL-MALKAJGIRI,ALWAL,ALWAL (M),YADAMMA NAGAR,9200.0,Non-Agriculture,2026-02-25T14:56:47.291870
MEDCHAL-MALKAJGIRI,ALWAL,ALWAL (M),YADAMMA NAGAR COMM-2,9200.0,Non-Agriculture,2026-02-25T14:56:47.291870
MEDCHAL-MALKAJGIRI,ALWAL,ALWAL (M),SARASWATHI NAGAR CLY,9200.0,Non-Agriculture,2026-02-25T14:56:47.291870
MEDCHAL-MALKAJGIRI,ALWAL,ALWAL (M),SARASWATHI NAGAR CLY COMM-2,9200.0,Non-Agriculture,2026-02-25T14:56:47.291870
MEDCHAL-MALKAJGIRI,ALWAL,ALWAL (M),TEMPLE ALWAL,9200.0,Non-Agriculture,2026-02-25T14:56:47.291870
MEDCHAL-MALKAJGIRI,ALWAL,ALWAL (M),TEMPLE ALWAL COMM-2,9200.0,Non-Agriculture,2026-02-25T14:56:47.291870
MEDCHAL-MALKAJGIRI,ALWAL,ALWAL (M),GOLNAKA ALWAL,9200.0,Non-Agriculture,2026-02-25T14:56:47.291870
MEDCHAL-MALKAJGIRI,ALWAL,ALWAL (M),NOTIFIED SLUM COMM-2,9200.0,Non-Agriculture,2026-02-25T14:56:47.291870
MEDCHAL-MALKAJGIRI,ALWAL,ALWAL (M),RAJIV WEAKER SOCIETY COMM-2,9200.0,Non-Agriculture,2026-02-25T14:56:47.291870
MEDCHAL-MALKAJGIRI,ALWAL,ALWAL (M),RAJIV WEAKER SOCIETY NOTIFIED SLUM,9200.0,Non-Agriculture,2026-02-25T14:56:47.291870
MEDCHAL-MALKAJGIRI,ALWAL,ALWAL (M),REST OF THE AREA,9200.0,Non-Agriculture,2026-02-25T14:56:47.291870
MEDCHAL-MALKAJGIRI,ALWAL,ALWAL (M),TEMPLE ALWAL,9200.0,Non-Agriculture,2026-02-25T14:56:47.291870
MEDCHAL-MALKAJGIRI,ALWAL,ALWAL (M),TEMPLE ALWAL COMM-2,9200.0,Non-Agriculture,2026-02-25T14:56:47.291870
MEDCHAL-MALKAJGIRI,ALWAL,ALWAL (M),REST OF THE AREA,9200.0,Non-Agriculture,2026-02-25T14:56:47.291870
MEDCHAL-MALKAJGIRI,ALWAL,ALWAL (M),TEMPLE ALWAL,9200.0,Non-Agriculture,2026-02-25T14:56:47.291870
MEDCHAL-MALKAJGIRI,ALWAL,ALWAL (M),TEMPLE ALWAL COMM-2,9200.0,Non-Agriculture,2026-02-25T14:56:47.291870
MEDCHAL-MALKAJGIRI,ALWAL,ALWAL (M),REST OF THE AREA,10200.0,Non-Agriculture,2026-02-25T14:56:47.291870
MEDCHAL-MALKAJGIRI,ALWAL,ALWAL (M),TEMPLE ALWAL,10200.0,Non-Agriculture,2026-02-25T14:56:47.291870
MEDCHAL-MALKAJGIRI,ALWAL,ALWAL (M),TEMPLE ALWAL COMM-2,9200.0,Non-Agriculture,2026-02-25T14:56:47.291870
MEDCHAL-MALKAJGIRI,ALWAL,ALWAL (M),GOLNAKA ALWAL,14200.0,Non-Agriculture,2026-02-25T14:56:47.291870
MEDCHAL-MALKAJGIRI,ALWAL,ALWAL (M),GOLNAKA ALWAL COMM-2,14200.0,Non-Agriculture,2026-02-25T14:56:47.291870
MEDCHAL-MALKAJGIRI,ALWAL,ALWAL (M),RAJIV RAHADARI MAIN ROAD,26700.0,Non-Agriculture,2026-02-25T14:56:47.291870
MEDCHAL-MALKAJGIRI,ALWAL,ALWAL (M),RAJIV RAHADHARI MAIN ROAD-3,26700.0,Non-Agriculture,2026-02-25T14:56:47.291870
MEDCHAL-MALKAJGIRI,ALWAL,ALWAL (M),REST OF THE AREA,14200.0,Non-Agriculture,2026-02-25T14:56:47.291870
MEDCHAL-MALKAJGIRI,ALWAL,ALWAL (M),TEMPLE ALWAL,14200.0,Non-Agriculture,2026-02-25T14:56:47.291870
MEDCHAL-MALKAJGIRI,ALWAL,ALWAL (M),TEMPLE ALWAL COMM-2,14200.0,Non-Agriculture,2026-02-25T14:56:47.291870
MEDCHAL-MALKAJGIRI,ALWAL,ALWAL (M),GOLNAKA ALWAL,14200.0,Non-Agriculture,2026-02-25T14:56:47.291870
MEDCHAL-MALKAJGIRI,ALWAL,ALWAL (M),GOLNAKA ALWAL COMM-2,14200.0,Non-Agriculture,2026-02-25T14:56:47.291870
MEDCHAL-MALKAJGIRI,ALWAL,ALWAL (M),RAJIV RAHADARI MAIN ROAD,26700.0,Non-Agriculture,2026-02-25T14:56:47.291870
MEDCHAL-MALKAJGIRI,ALWAL,ALWAL (M),REST OF THE AREA,14200.0,Non-Agriculture,2026-02-25T14:56:47.297873
MEDCHAL-MALKAJGIRI,ALWAL,ALWAL (M),SATHYA TALKIES AREA,14200.0,Non-Agriculture,2026-02-25T14:56:47.297873
MEDCHAL-MALKAJGIRI,ALWAL,ALWAL (M),SATHYA TALKIES AREA COMM-2,14200.0,Non-Agriculture,2026-02-25T14:56:47.297873
MEDCHAL-MALKAJGIRI,ALWAL,ALWAL (M),TEMPLE ALWAL,14200.0,Non-Agriculture,2026-02-25T14:56:47.297873
MEDCHAL-MALKAJGIRI,ALWAL,ALWAL (M),TEMPLE ALWAL COMM-2,14200.0,Non-Agriculture,2026-02-25T14:56:47.297873
MEDCHAL-MALKAJGIRI,ALWAL,ALWAL (M),LOTHKUNTA,10200.0,Non-Agriculture,2026-02-25T14:56:47.297873
MEDCHAL-MALKAJGIRI,ALWAL,ALWAL (M),MAIN ROAD,26700.0,Non-Agriculture,2026-02-25T14:56:47.297873
MEDCHAL-MALKAJGIRI,ALWAL,ALWAL (M),RAJIV RAHADHARI MAIN ROAD-3,26700.0,Non-Agriculture,2026-02-25T14:56:47.297873
MEDCHAL-MALKAJGIRI,ALWAL,ALWAL (M),REST OF THE AREA,10200.0,Non-Agriculture,2026-02-25T14:56:47.299314
MEDCHAL-MALKAJGIRI,ALWAL,ALWAL (M),LOTHKUNTA,10200.0,Non-Agriculture,2026-02-25T14:56:47.299314
MEDCHAL-MALKAJGIRI,ALWAL,ALWAL (M),MAIN ROAD,26700.0,Non-Agriculture,2026-02-25T14:56:47.299314
MEDCHAL-MALKAJGIRI,ALWAL,ALWAL (M),REST OF THE AREA,10200.0,Non-Agriculture,2026-02-25T14:56:47.299825
MEDCHAL-MALKAJGIRI,ALWAL,ALWAL (M),REST OF THE AREA,10200.0,Non-Agriculture,2026-02-25T14:56:47.299825
MEDCHAL-MALKAJGIRI,ALWAL,ALWAL (M),VENKAT RAO PET,10200.0,Non-Agriculture,2026-02-25T14:56:47.299825
MEDCHAL-MALKAJGIRI,ALWAL,ALWAL (M),J J NAGAR COLONY,10200.0,Non-Agriculture,2026-02-25T14:56:47.299825
MEDCHAL-MALKAJGIRI,ALWAL,ALWAL (M),JJ NAGAR COLONY COMM-2,10200.0,Non-Agriculture,2026-02-25T14:56:47.299825
MEDCHAL-MALKAJGIRI,ALWAL,ALWAL (M),MADHAVI NAGAR,10200.0,Non-Agriculture,2026-02-25T14:56:47.299825
MEDCHAL-MALKAJGIRI,ALWAL,ALWAL (M),MADHAVI NAGAR COMM-2,10200.0,Non-Agriculture,2026-02-25T14:56:47.299825
MEDCHAL-MALKAJGIRI,ALWAL,ALWAL (M),REST OF THE AREA,10200.0,Non-Agriculture,2026-02-25T14:56:47.299825
MEDCHAL-MALKAJGIRI,ALWAL,ALWAL (M),SAI NAGAR COLONY COMM-2,10200.0,Non-Agriculture,2026-02-25T14:56:47.299825
MEDCHAL-MALKAJGIRI,ALWAL,ALWAL (M),SAINAGAR COLONY,10200.0,Non-Agriculture,2026-02-25T14:56:47.299825
MEDCHAL-MALKAJGIRI,ALWAL,ALWAL (M),RAM NAGAR COLONY COMM-2,10200.0,Non-Agriculture,2026-02-25T14:56:47.299825
MEDCHAL-MALKAJGIRI,ALWAL,ALWAL (M),RAMNAGAR COLONY,10200.0,Non-Agriculture,2026-02-25T14:56:47.299825
MEDCHAL-MALKAJGIRI,ALWAL,ALWAL (M),REST OF THE AREA,10200.0,Non-Agriculture,2026-02-25T14:56:47.301952
MEDCHAL-MALKAJGIRI,ALWAL,ALWAL (M),MES COLONY,10200.0,Non-Agriculture,2026-02-25T14:56:47.301952
MEDCHAL-MALKAJGIRI,ALWAL,ALWAL (M),MES COLONY COMM-2,10200.0,Non-Agriculture,2026-02-25T14:56:47.301952
MEDCHAL-MALKAJGIRI,ALWAL,ALWAL (M),REST OF THE AREA,10200.0,Non-Agriculture,2026-02-25T14:56:47.302644
MEDCHAL-MALKAJGIRI,ALWAL,ALWAL (M),JOSHI NAGAR,10200.0,Non-Agriculture,2026-02-25T14:56:47.302644
MEDCHAL-MALKAJGIRI,ALWAL,ALWAL (M),JOSHI NAGAR COMM-2,10200.0,Non-Agriculture,2026-02-25T14:56:47.302644
MEDCHAL-MALKAJGIRI,ALWAL,ALWAL (M),KOTHA BASTHI,10200.0,Non-Agriculture,2026-02-25T14:56:47.302644
MEDCHAL-MALKAJGIRI,ALWAL,ALWAL (M),KOTHA BASTHI-2,10200.0,Non-Agriculture,2026-02-25T14:56:47.302644
MEDCHAL-MALKAJGIRI,ALWAL,ALWAL (M),REST OF THE AREA,10200.0,Non-Agriculture,2026-02-25T14:56:47.302644
MEDCHAL-MALKAJGIRI,ALWAL,ALWAL (M),REST OF THE AREA,10200.0,Non-Agriculture,2026-02-25T14:56:47.302644
MEDCHAL-MALKAJGIRI,ALWAL,ALWAL (M),VENKATAPURAM VG COMM-2,10200.0,Non-Agriculture,2026-02-25T14:56:47.302644
MEDCHAL-MALKAJGIRI,ALWAL,ALWAL (M),VENKATAPURAM VILLAGE,10200.0,Non-Agriculture,2026-02-25T14:56:47.302644
MEDCHAL-MALKAJGIRI,ALWAL,ALWAL (M),REST OF THE AREA,10200.0,Non-Agriculture,2026-02-25T14:56:47.302644
MEDCHAL-MALKAJGIRI,ALWAL,ALWAL (M),VENKATAPURAM OLD ALWAL,10200.0,Non-Agriculture,2026-02-25T14:56:47.302644
MEDCHAL-MALKAJGIRI,ALWAL,ALWAL (M),VENKATAPURAM OLD ALWAL COMM-2,10200.0,Non-Agriculture,2026-02-25T14:56:47.302644
MEDCHAL-MALKAJGIRI,ALWAL,ALWAL (M),REST OF THE AREA,10200.0,Non-Agriculture,2026-02-25T14:56:47.304736
MEDCHAL-MALKAJGIRI,ALWAL,ALWAL (M),VENKATAPURAM,10200.0,Non-Agriculture,2026-02-25T14:56:47.304736
MEDCHAL-MALKAJGIRI,ALWAL,ALWAL (M),VENKATAPURAM COMM-2,10200.0,Non-Agriculture,2026-02-25T14:56:47.304736
MEDCHAL-MALKAJGIRI,ALWAL,ALWAL (M),BHUDEVI NAGAR,10200.0,Non-Agriculture,2026-02-25T14:56:47.304736
MEDCHAL-MALKAJGIRI,ALWAL,ALWAL (M),BHUDEVI NAGAR COMM-2,10200.0,Non-Agriculture,2026-02-25T14:56:47.304736
MEDCHAL-MALKAJGIRI,ALWAL,ALWAL (M),RAJIV NAGAR,10200.0,Non-Agriculture,2026-02-25T14:56:47.304736
MEDCHAL-MALKAJGIRI,ALWAL,ALWAL (M),RAJIV NAGAR COMM-2,10200.0,Non-Agriculture,2026-02-25T14:56:47.304736
MEDCHAL-MALKAJGIRI,ALWAL,ALWAL (M),REST OF THE AREA,10200.0,Non-Agriculture,2026-02-25T14:56:47.304736
MEDCHAL-MALKAJGIRI,ALWAL,ALWAL (M),VENKATAPURAM VG COMM-2,10200.0,Non-Agriculture,2026-02-25T14:56:47.304736
MEDCHAL-MALKAJGIRI,ALWAL,ALWAL (M),VENKATAPURAM VILLAGE,10200.0,Non-Agriculture,2026-02-25T14:56:47.304736
MEDCHAL-MALKAJGIRI,ALWAL,ALWAL (M),INDIRA NAGAR,10200.0,Non-Agriculture,2026-02-25T14:56:47.304736
MEDCHAL-MALKAJGIRI,ALWAL,ALWAL (M),INDIRA NAGAR COMM-2,10200.0,Non-Agriculture,2026-02-25T14:56:47.304736
MEDCHAL-MALKAJGIRI,ALWAL,ALWAL (M),MARUTHI NAGAR COMM-2,10200.0,Non-Agriculture,2026-02-25T14:56:47.304736
MEDCHAL-MALKAJGIRI,ALWAL,ALWAL (M),REST OF THE AREA,10200.0,Non-Agriculture,2026-02-25T14:56:47.307946
MEDCHAL-MALKAJGIRI,ALWAL,ALWAL (M),VENKATAPURAM VILLAGE,10200.0,Non-Agriculture,2026-02-25T14:56:47.307946
MEDCHAL-MALKAJGIRI,ALWAL,ALWAL (M),VENKATAPURAM VILLAGE COMM-2,10200.0,Non-Agriculture,2026-02-25T14:56:47.307946
MEDCHAL-MALKAJGIRI,ALWAL,ALWAL (M),GOLLAGUDA,10200.0,Non-Agriculture,2026-02-25T14:56:47.307946
MEDCHAL-MALKAJGIRI,ALWAL,ALWAL (M),GOLLAGUDA COMM-2,10200.0,Non-Agriculture,2026-02-25T14:56:47.307946
MEDCHAL-MALKAJGIRI,ALWAL,ALWAL (M),REST OF THE AREA,10200.0,Non-Agriculture,2026-02-25T14:56:47.307946
MEDCHAL-MALKAJGIRI,ALWAL,ALWAL (M),VIKASNAGAR COLONY COMM-2,10200.0,Non-Agriculture,2026-02-25T14:56:47.307946
MEDCHAL-MALKAJGIRI,ALWAL,ALWAL (M),REST OF THE AREA,10200.0,Non-Agriculture,2026-02-25T14:56:47.307946
MEDCHAL-MALKAJGIRI,ALWAL,ALWAL (M),SUBASH NAGAR,10200.0,Non-Agriculture,2026-02-25T14:56:47.307946
MEDCHAL-MALKAJGIRI,ALWAL,ALWAL (M),SUBASH NAGAR COMM-2,10200.0,Non-Agriculture,2026-02-25T14:56:47.307946
MEDCHAL-MALKAJGIRI,ALWAL,ALWAL (M),T ANJAIAH COLONY,10200.0,Non-Agriculture,2026-02-25T14:56:47.307946
MEDCHAL-MALKAJGIRI,ALWAL,ALWAL (M),T ANJAIAH COLONY COMM-2,10200.0,Non-Agriculture,2026-02-25T14:56:47.307946
MEDCHAL-MALKAJGIRI,ALWAL,ALWAL (M),SUBASHNAGAR DODDI VILLAGE COMM-2,10200.0,Non-Agriculture,2026-02-25T14:56:47.310155
MEDCHAL-MALKAJGIRI,ALWAL,ALWAL (M),SUBASHNAGAR DODDI VILLAGES,10200.0,Non-Agriculture,2026-02-25T14:56:47.310155
MEDCHAL-MALKAJGIRI,ALWAL,ALWAL (M),REST OF THE AREA,10200.0,Non-Agriculture,2026-02-25T14:56:47.310155
MEDCHAL-MALKAJGIRI,ALWAL,ALWAL (M),SUBASH NAGAR,10200.0,Non-Agriculture,2026-02-25T14:56:47.310155
MEDCHAL-MALKAJGIRI,ALWAL,ALWAL (M),SUBASHNAGAR COMM-2,10200.0,Non-Agriculture,2026-02-25T14:56:47.310155
MEDCHAL-MALKAJGIRI,ALWAL,ALWAL (M),REST OF THE AREA,10200.0,Non-Agriculture,2026-02-25T14:56:47.310155
MEDCHAL-MALKAJGIRI,ALWAL,ALWAL (M),PAKALAKUNTA,9200.0,Non-Agriculture,2026-02-25T14:56:47.310155
MEDCHAL-MALKAJGIRI,ALWAL,ALWAL (M),INDIRA GANDHI STATUE TO KUMMARI BASTHI ROAD,9200.0,Non-Agriculture,2026-02-25T14:56:47.310155
MEDCHAL-MALKAJGIRI,ALWAL,ALWAL (M),SREE BAKERY TO GOVT HIGH SCHOOL ROAD,9200.0,Non-Agriculture,2026-02-25T14:56:47.310155
MEDCHAL-MALKAJGIRI,ALWAL,ALWAL (M),REST OF THE AREA,9200.0,Non-Agriculture,2026-02-25T14:56:47.310155
MEDCHAL-MALKAJGIRI,ALWAL,ALWAL (M),RAJIVGANDHI NAGAR COMM-2,14200.0,Non-Agriculture,2026-02-25T14:56:47.310155
MEDCHAL-MALKAJGIRI,ALWAL,ALWAL (M),GOLNAKA ALWAL COMM-2,9200.0,Non-Agriculture,2026-02-25T14:56:47.310155
MEDCHAL-MALKAJGIRI,ALWAL,ALWAL (M),LOTHKUNTA COMM-2,10200.0,Non-Agriculture,2026-02-25T14:56:47.310155
MEDCHAL-MALKAJGIRI,ALWAL,ALWAL (M),VENKAT RAO PET COMM-2,10200.0,Non-Agriculture,2026-02-25T14:56:47.312551
MEDCHAL-MALKAJGIRI,ALWAL,ALWAL (M),MEESEVA TO SREE BAKERY ROAD,9200.0,Non-Agriculture,2026-02-25T14:56:47.312551
MEDCHAL-MALKAJGIRI,ALWAL,ALWAL (M),GOLLAGUDA KAMAN TO SUBASH NAGAR ROAD,10200.0,Non-Agriculture,2026-02-25T14:56:47.312551
MEDCHAL-MALKAJGIRI,ALWAL,ALWAL (M),LAKSHMINARAYAN COLONY TO PCO BANK COLONY ROAD,14200.0,Non-Agriculture,2026-02-25T14:56:47.312551
MEDCHAL-MALKAJGIRI,ALWAL,ALWAL (M),MARUTHINAGAR,10200.0,Non-Agriculture,2026-02-25T14:56:47.312551
MEDCHAL-MALKAJGIRI,ALWAL,ALWAL (M),OLD ALWAL,9200.0,Non-Agriculture,2026-02-25T14:56:47.312551
MEDCHAL-MALKAJGIRI,ALWAL,ALWAL (M),CHINNAMA THOTA COMM-2,9200.0,Non-Agriculture,2026-02-25T14:56:47.312551
MEDCHAL-MALKAJGIRI,ALWAL,ALWAL (M),OLD ALWAL,9200.0,Non-Agriculture,2026-02-25T14:56:47.312551
MEDCHAL-MALKAJGIRI,ALWAL,ALWAL (M),INDIRANAGAR WEAKER SECTION,14200.0,Non-Agriculture,2026-02-25T14:56:47.312551
MEDCHAL-MALKAJGIRI,ALWAL,ALWAL (M),RAJIV RAHADHARI MAIN ROAD-3,26700.0,Non-Agriculture,2026-02-25T14:56:47.312551
MEDCHAL-MALKAJGIRI,ALWAL,ALWAL (M),LOTHKUNTA COMM-2,10200.0,Non-Agriculture,2026-02-25T14:56:47.312551
MEDCHAL-MALKAJGIRI,ALWAL,ALWAL (M),RAJIV RAHADHARI MAIN ROAD-3,26700.0,Non-Agriculture,2026-02-25T14:56:47.312551
MEDCHAL-MALKAJGIRI,ALWAL,ALWAL (M),VIKASNAGAR COLONY,10200.0,Non-Agriculture,2026-02-25T14:56:47.312551
MEDCHAL-MALKAJGIRI,ALWAL,ALWAL (M),REST OF THE AREA,10200.0,Non-Agriculture,2026-02-25T14:56:47.312551
MEDCHAL-MALKAJGIRI,ALWAL,ALWAL (M),REST OF THE AREA,9200.0,Non-Agriculture,2026-02-25T14:56:47.312551
MEDCHAL-MALKAJGIRI,ALWAL,ALWAL (M),ROCK STONE COLONY,9200.0,Non-Agriculture,2026-02-25T14:56:47.315145
MEDCHAL-MALKAJGIRI,ALWAL,ALWAL (M),OM SRI SAI NAGAR COLONY,9200.0,Non-Agriculture,2026-02-25T14:56:47.315145
MEDCHAL-MALKAJGIRI,ALWAL,ALWAL (M),BOWENPALLY SUB STATION TO KANAJIGUDA ROAD,14200.0,Non-Agriculture,2026-02-25T14:56:47.315145
MEDCHAL-MALKAJGIRI,ALWAL,ALWAL (M),TEACHERS COLONY TO KANAJIGUDA ROAD,14200.0,Non-Agriculture,2026-02-25T14:56:47.315145
MEDCHAL-MALKAJGIRI,ALWAL,ALWAL (M),MEESEVA TO OLD ALWAL ROAD,9200.0,Non-Agriculture,2026-02-25T14:56:47.315145
MEDCHAL-MALKAJGIRI,ALWAL,ALWAL (M),SELECT TALKIES TO LAYOLA COLLEGE ROAD,9200.0,Non-Agriculture,2026-02-25T14:56:47.315145
MEDCHAL-MALKAJGIRI,ALWAL,ALWAL (M),CHITTARAIAH COLONY TO INDIRA GANDHI STATUE RO,9200.0,Non-Agriculture,2026-02-25T14:56:47.315145
MEDCHAL-MALKAJGIRI,ALWAL,ALWAL (M),SELECT TALKIES TO LAYOLA COLLEGE ROAD,9200.0,Non-Agriculture,2026-02-25T14:56:47.315145
MEDCHAL-MALKAJGIRI,ALWAL,ALWAL (M),SELECT TALKIES TO LAYOLA COLLEGE ROAD,9200.0,Non-Agriculture,2026-02-25T14:56:47.315145
MEDCHAL-MALKAJGIRI,ALWAL,ALWAL (M),CHANDRAPURAM COLONY,9200.0,Non-Agriculture,2026-02-25T14:56:47.315145
MEDCHAL-MALKAJGIRI,ALWAL,ALWAL (M),INDIRA GANDHI STATUE TO LAYOLA COLLEGE ROAD,9200.0,Non-Agriculture,2026-02-25T14:56:47.315145
MEDCHAL-MALKAJGIRI,ALWAL,ALWAL (M),RETREAT COLONY,9200.0,Non-Agriculture,2026-02-25T14:56:47.315145
MEDCHAL-MALKAJGIRI,ALWAL,ALWAL (M),SAMPATH CHITTARI COLONY,9200.0,Non-Agriculture,2026-02-25T14:56:47.315145
MEDCHAL-MALKAJGIRI,ALWAL,ALWAL (M),SELECT TALKIES TO LAYOLA COLLEGE ROAD,9200.0,Non-Agriculture,2026-02-25T14:56:47.315145
MEDCHAL-MALKAJGIRI,ALWAL,ALWAL (M),TIRUMALA ENCLAVE,9200.0,Non-Agriculture,2026-02-25T14:56:47.315145
MEDCHAL-MALKAJGIRI,ALWAL,ALWAL (M),VENKAT RAMANA COLONY,9200.0,Non-Agriculture,2026-02-25T14:56:47.315145
MEDCHAL-MALKAJGIRI,ALWAL,ALWAL (M),ALWAL HILLS,9200.0,Non-Agriculture,2026-02-25T14:56:47.318095
MEDCHAL-MALKAJGIRI,ALWAL,ALWAL (M),ALWAR CITY,9200.0,Non-Agriculture,2026-02-25T14:56:47.318095
MEDCHAL-MALKAJGIRI,ALWAL,ALWAL (M),AMBEDKAR NAGAR TO ST MICHEL SCHOOL ROAD,9200.0,Non-Agriculture,2026-02-25T14:56:47.318095
MEDCHAL-MALKAJGIRI,ALWAL,ALWAL (M),BHOOPATHI RAO NAGAR,9200.0,Non-Agriculture,2026-02-25T14:56:47.318778
MEDCHAL-MALKAJGIRI,ALWAL,ALWAL (M),CHETAN HOUSING COLONY,9200.0,Non-Agriculture,2026-02-25T14:56:47.318778
MEDCHAL-MALKAJGIRI,ALWAL,ALWAL (M),CITIZEN COLONY,9200.0,Non-Agriculture,2026-02-25T14:56:47.318778
MEDCHAL-MALKAJGIRI,ALWAL,ALWAL (M),GANESH NAGAR,9200.0,Non-Agriculture,2026-02-25T14:56:47.318778
MEDCHAL-MALKAJGIRI,ALWAL,ALWAL (M),HMT OFFICERS COLONY,9200.0,Non-Agriculture,2026-02-25T14:56:47.318778
MEDCHAL-MALKAJGIRI,ALWAL,ALWAL (M),INDIRA GANDHI STATUE TO GOVT HIGH SCHOOL ROAD,9200.0,Non-Agriculture,2026-02-25T14:56:47.318778
MEDCHAL-MALKAJGIRI,ALWAL,ALWAL (M),INDIRA GANDHI STATUE TO JONNABANDA ROAD,9200.0,Non-Agriculture,2026-02-25T14:56:47.318778
MEDCHAL-MALKAJGIRI,ALWAL,ALWAL (M),INDIRA GANDHI STATUE TO ST MICHEL SCHOOL ROAD,9200.0,Non-Agriculture,2026-02-25T14:56:47.318778
MEDCHAL-MALKAJGIRI,ALWAL,ALWAL (M),INDIRA GANDHI STATUE TO VBR FUNCTION HALL,9200.0,Non-Agriculture,2026-02-25T14:56:47.320320
MEDCHAL-MALKAJGIRI,ALWAL,ALWAL (M),KAVERI ENCLAVE,9200.0,Non-Agriculture,2026-02-25T14:56:47.320320
MEDCHAL-MALKAJGIRI,ALWAL,ALWAL (M),LAXMI ENCLAVE,9200.0,Non-Agriculture,2026-02-25T14:56:47.320320
MEDCHAL-MALKAJGIRI,ALWAL,ALWAL (M),LIONS PARK,9200.0,Non-Agriculture,2026-02-25T14:56:47.320320
MEDCHAL-MALKAJGIRI,ALWAL,ALWAL (M),LOYOLA COLLEGE TO KUMMARI BASTHI ROAD,9200.0,Non-Agriculture,2026-02-25T14:56:47.320320
MEDCHAL-MALKAJGIRI,ALWAL,ALWAL (M),MANGAMPURAM COLONY PHASE II,9200.0,Non-Agriculture,2026-02-25T14:56:47.320320
MEDCHAL-MALKAJGIRI,ALWAL,ALWAL (M),MANGAPURAM COLONY PHASE I,9200.0,Non-Agriculture,2026-02-25T14:56:47.320320
MEDCHAL-MALKAJGIRI,ALWAL,ALWAL (M),MANJEERA NAGAR COLONY,9200.0,Non-Agriculture,2026-02-25T14:56:47.321518
MEDCHAL-MALKAJGIRI,ALWAL,ALWAL (M),OM SRI SAINAGAR COLONY,9200.0,Non-Agriculture,2026-02-25T14:56:47.321518
MEDCHAL-MALKAJGIRI,ALWAL,ALWAL (M),PANCHASHEEL ENCLAVE,9200.0,Non-Agriculture,2026-02-25T14:56:47.321518
MEDCHAL-MALKAJGIRI,ALWAL,ALWAL (M),PRESIDENCY,9200.0,Non-Agriculture,2026-02-25T14:56:47.321518
MEDCHAL-MALKAJGIRI,ALWAL,ALWAL (M),RAMACHANDRAIAH COLONY,9200.0,Non-Agriculture,2026-02-25T14:56:47.321518
MEDCHAL-MALKAJGIRI,ALWAL,ALWAL (M),RAMESHWAR NAGAR,9200.0,Non-Agriculture,2026-02-25T14:56:47.321518
MEDCHAL-MALKAJGIRI,ALWAL,ALWAL (M),ROCK STONE,9200.0,Non-Agriculture,2026-02-25T14:56:47.322905
MEDCHAL-MALKAJGIRI,ALWAL,ALWAL (M),SAI BABA NAGAR,9200.0,Non-Agriculture,2026-02-25T14:56:47.322905
MEDCHAL-MALKAJGIRI,ALWAL,ALWAL (M),SAI BRUNDAVAN COLONY,9200.0,Non-Agriculture,2026-02-25T14:56:47.322905
MEDCHAL-MALKAJGIRI,ALWAL,ALWAL (M),SHAKTI GANESH,9200.0,Non-Agriculture,2026-02-25T14:56:47.322905
MEDCHAL-MALKAJGIRI,ALWAL,ALWAL (M),SNEHA COLONY,9200.0,Non-Agriculture,2026-02-25T14:56:47.322905
MEDCHAL-MALKAJGIRI,ALWAL,ALWAL (M),VBR FUNCTION HALL TO JONNABANDA ROAD,9200.0,Non-Agriculture,2026-02-25T14:56:47.322905
MEDCHAL-MALKAJGIRI,ALWAL,ALWAL (M),DAIRY FARM ROAD TO DAMMAIGUDA VILLAGE ROAD,9200.0,Non-Agriculture,2026-02-25T14:56:47.322905
MEDCHAL-MALKAJGIRI,ALWAL,ALWAL (M),PJR STATUE TO OLD ALWAL ROAD,9200.0,Non-Agriculture,2026-02-25T14:56:47.322905
MEDCHAL-MALKAJGIRI,ALWAL,ALWAL (M),PJR STATUE TO WEST VENKATAPURAM ROAD,9200.0,Non-Agriculture,2026-02-25T14:56:47.324687
MEDCHAL-MALKAJGIRI,ALWAL,ALWAL (M),SREE BAKERY TO GOVT HIGH SCHOOL ROAD,9200.0,Non-Agriculture,2026-02-25T14:56:47.324687
MEDCHAL-MALKAJGIRI,ALWAL,ALWAL (M),ALWAL GANESH MANDAPAM BACK SIDE AREA,9200.0,Non-Agriculture,2026-02-25T14:56:47.324687
MEDCHAL-MALKAJGIRI,ALWAL,ALWAL (M),MEESEVA TO ALWAL POLICE STATION ROAD,9200.0,Non-Agriculture,2026-02-25T14:56:47.324687
MEDCHAL-MALKAJGIRI,ALWAL,ALWAL (M),MEESEVA TO SREE BAKERY ROAD,9200.0,Non-Agriculture,2026-02-25T14:56:47.324687
MEDCHAL-MALKAJGIRI,ALWAL,ALWAL (M),LOTHKUNTA TO ALWAL MEESEVA,14200.0,Non-Agriculture,2026-02-25T14:56:47.324687
MEDCHAL-MALKAJGIRI,ALWAL,ALWAL (M),MEESEVA TO ALWAL POLICE STATION ROAD,14200.0,Non-Agriculture,2026-02-25T14:56:47.324687
MEDCHAL-MALKAJGIRI,ALWAL,ALWAL (M),SATHYA TALKIES TO VENKATAPURAM ROAD,14200.0,Non-Agriculture,2026-02-25T14:56:47.326041
MEDCHAL-MALKAJGIRI,ALWAL,ALWAL (M),SATYA TALKIES TO BHATIA BAKERY ROAD,14200.0,Non-Agriculture,2026-02-25T14:56:47.326041
MEDCHAL-MALKAJGIRI,ALWAL,ALWAL (M),VYSHNAVI MATHA TEMPLE TO SATHYA PETROL PUMP R,14200.0,Non-Agriculture,2026-02-25T14:56:47.326041
MEDCHAL-MALKAJGIRI,ALWAL,ALWAL (M),LAKSHMIKALA MANDIR TO PJR STATUE ROAD,10200.0,Non-Agriculture,2026-02-25T14:56:47.326041
MEDCHAL-MALKAJGIRI,ALWAL,ALWAL (M),LAKSHMIKALA MANDIR TO PJR STATUE ROAD,10200.0,Non-Agriculture,2026-02-25T14:56:47.326041
MEDCHAL-MALKAJGIRI,ALWAL,ALWAL (M),PJR STATUE TO WEST VENKATAPURAM,10200.0,Non-Agriculture,2026-02-25T14:56:47.326041
MEDCHAL-MALKAJGIRI,ALWAL,ALWAL (M),LAKSHMIKALA MANDIR TO GOVT HIGH SCHOOL ROAD,10200.0,Non-Agriculture,2026-02-25T14:56:47.326041
MEDCHAL-MALKAJGIRI,ALWAL,ALWAL (M),SATHYA PETROL PUMP TO BHATIA BAKERY ROAD,10200.0,Non-Agriculture,2026-02-25T14:56:47.326041
MEDCHAL-MALKAJGIRI,ALWAL,ALWAL (M),LAKSHMIKALA MANDIR TO GOVT HIGH SCHOOL ROAD,10200.0,Non-Agriculture,2026-02-25T14:56:47.326041
MEDCHAL-MALKAJGIRI,ALWAL,ALWAL (M),PJR STATUE TO WEST VENKATAPURAM ROAD,10200.0,Non-Agriculture,2026-02-25T14:56:47.327789
MEDCHAL-MALKAJGIRI,ALWAL,ALWAL (M),PJR STATUE TO WEST VENKATAPURAM ROAD,10200.0,Non-Agriculture,2026-02-25T14:56:47.327789
MEDCHAL-MALKAJGIRI,ALWAL,ALWAL (M),PJR STATUE TO VENKATAPURAM OLD BUS STOP ROAD,10200.0,Non-Agriculture,2026-02-25T14:56:47.327789
MEDCHAL-MALKAJGIRI,ALWAL,ALWAL (M),OLD BUS STOP TO BHOODEVI NAGAR ROAD,10200.0,Non-Agriculture,2026-02-25T14:56:47.327789
MEDCHAL-MALKAJGIRI,ALWAL,ALWAL (M),OLD BUSSTOP TO BHOODEVI NAGAR ROAD,10200.0,Non-Agriculture,2026-02-25T14:56:47.327789
MEDCHAL-MALKAJGIRI,ALWAL,ALWAL (M),RAILWAY BRIDGE TO SUBASH NAGAR ROAD,10200.0,Non-Agriculture,2026-02-25T14:56:47.327789
MEDCHAL-MALKAJGIRI,ALWAL,ALWAL (M),SAIBABA TEMPLE TO SUBASH NAGAR ROAD,10200.0,Non-Agriculture,2026-02-25T14:56:47.327789
MEDCHAL-MALKAJGIRI,ALWAL,ALWAL (M),SATHYA TALKIES TO VENKATAPURAM ROAD,10200.0,Non-Agriculture,2026-02-25T14:56:47.327789
MEDCHAL-MALKAJGIRI,ALWAL,ALWAL (M),BHOODEVI NAGAR BRIDGE TO PIPE LINE ROAD,10200.0,Non-Agriculture,2026-02-25T14:56:47.327789
MEDCHAL-MALKAJGIRI,ALWAL,ALWAL (M),LAKSHMIKALA MANDIR TO PJR STATUE ROAD,10200.0,Non-Agriculture,2026-02-25T14:56:47.327789
MEDCHAL-MALKAJGIRI,ALWAL,ALWAL (M),LOTHKUNTA BRIDGE TO BHOODEVI NAGAR ROAD,10200.0,Non-Agriculture,2026-02-25T14:56:47.327789
MEDCHAL-MALKAJGIRI,ALWAL,ALWAL (M),SAIBABA TEMPLE TO SUBASH NAGAR ROAD,10200.0,Non-Agriculture,2026-02-25T14:56:47.327789
MEDCHAL-MALKAJGIRI,ALWAL,ALWAL (M),GOLLAGUDA KAMAN TO SUBASHNAGAR ROAD,10200.0,Non-Agriculture,2026-02-25T14:56:47.327789
MEDCHAL-MALKAJGIRI,ALWAL,ALWAL (M),GOLLAGUDA KAMAN TO SUBASHNAGAR ROAD,10200.0,Non-Agriculture,2026-02-25T14:56:47.327789
MEDCHAL-MALKAJGIRI,ALWAL,ALWAL (M),GOLLAGUDA KAMAN TO SUBASHNAGAR ROAD,10200.0,Non-Agriculture,2026-02-25T14:56:47.327789
MEDCHAL-MALKAJGIRI,ALWAL,ALWAL (M),KANAJIGUDA TO DAIRY FARM ROAD,14200.0,Non-Agriculture,2026-02-25T14:56:47.327789
MEDCHAL-MALKAJGIRI,ALWAL,ALWAL (M),LALBAZAR TO DAIRY FARM ROAD,14200.0,Non-Agriculture,2026-02-25T14:56:47.330589
MEDCHAL-MALKAJGIRI,ALWAL,ALWAL (M),KANAJIGUDA,14200.0,Non-Agriculture,2026-02-25T14:56:47.330589
MEDCHAL-MALKAJGIRI,ALWAL,ALWAL (M),KANAJIGUDA TO DAIRY FARM ROAD,14200.0,Non-Agriculture,2026-02-25T14:56:47.330589
MEDCHAL-MALKAJGIRI,ALWAL,ALWAL (M),AMBEDKAR NAGAR COLONY,14200.0,Non-Agriculture,2026-02-25T14:56:47.330589
MEDCHAL-MALKAJGIRI,ALWAL,ALWAL (M),KANAJIGUDA TO YADAMMANAGAR ROAD,14200.0,Non-Agriculture,2026-02-25T14:56:47.330589
MEDCHAL-MALKAJGIRI,ALWAL,ALWAL (M),KANOJIGUDA,14200.0,Non-Agriculture,2026-02-25T14:56:47.330589
MEDCHAL-MALKAJGIRI,ALWAL,ALWAL (M),LALBAZAR TO KANAJIGUDA ROAD,14200.0,Non-Agriculture,2026-02-25T14:56:47.330589
MEDCHAL-MALKAJGIRI,ALWAL,ALWAL (M),VINAYAK TEMPLE TO DAIRY FARM ROAD,14200.0,Non-Agriculture,2026-02-25T14:56:47.330589
MEDCHAL-MALKAJGIRI,ALWAL,DAMMAIGUDA,DAMMAIGUDA,10200.0,Non-Agriculture,2026-02-25T14:56:47.950929
MEDCHAL-MALKAJGIRI,ALWAL,DAMMAIGUDA,DAMMAIGUDA COMM-2,10200.0,Non-Agriculture,2026-02-25T14:56:47.950929
MEDCHAL-MALKAJGIRI,ALWAL,DAMMAIGUDA,REST OF THE AREA,10200.0,Non-Agriculture,2026-02-25T14:56:47.950929
MEDCHAL-MALKAJGIRI,ALWAL,DAMMAIGUDA,LOTHKUNTA COMM-2,10200.0,Non-Agriculture,2026-02-25T14:56:47.953880
MEDCHAL-MALKAJGIRI,ALWAL,DAMMAIGUDA,LOTHKUNTA COMM-2,10200.0,Non-Agriculture,2026-02-25T14:56:47.953880
MEDCHAL-MALKAJGIRI,ALWAL,DAMMAIGUDA,KISTAMMA ENCLAVE,10200.0,Non-Agriculture,2026-02-25T14:56:47.954669
MEDCHAL-MALKAJGIRI,ALWAL,DAMMAIGUDA,EXCELLENCE COLONY,10200.0,Non-Agriculture,2026-02-25T14:56:47.954669
MEDCHAL-MALKAJGIRI,ALWAL,DAMMAIGUDA,M. E. S. COLONY,10200.0,Non-Agriculture,2026-02-25T14:56:47.954669
MEDCHAL-MALKAJGIRI,ALWAL,DAMMAIGUDA,MUTHYAM REDDY ESTATE,10200.0,Non-Agriculture,2026-02-25T14:56:47.954669
MEDCHAL-MALKAJGIRI,ALWAL,DAMMAIGUDA,MUTHYAM REDDY NAGAR,10200.0,Non-Agriculture,2026-02-25T14:56:47.954669
MEDCHAL-MALKAJGIRI,ALWAL,DAMMAIGUDA,NAGIREDDY NAGAR,10200.0,Non-Agriculture,2026-02-25T14:56:47.954669
MEDCHAL-MALKAJGIRI,ALWAL,DAMMAIGUDA,SATHYAM NAGAR,10200.0,Non-Agriculture,2026-02-25T14:56:47.954669
MEDCHAL-MALKAJGIRI,ALWAL,DAMMAIGUDA,VENUGOPAL NAGAR,10200.0,Non-Agriculture,2026-02-25T14:56:47.957822
MEDCHAL-MALKAJGIRI,BACHUPALLY,BACHPALLE,GAS GODOWN AREA/SAI KEERTHY LAYOUT/SAI LAXMI,12600.0,Non-Agriculture,2026-02-25T14:56:49.135170
MEDCHAL-MALKAJGIRI,BACHUPALLY,BACHPALLE,RESIDENTIAL UNITS  IN PRAGATHINAGAR KAMAN TO,12600.0,Non-Agriculture,2026-02-25T14:56:49.135170
MEDCHAL-MALKAJGIRI,BACHUPALLY,BACHPALLE,SHOPS ABUTTING TO BACHUPALLY X ROADS TO HILL,12600.0,Non-Agriculture,2026-02-25T14:56:49.139277
MEDCHAL-MALKAJGIRI,BACHUPALLY,BACHPALLE,DOLLAR HOMES/KAKATIYA HILLS/SILPA PARADISE,12600.0,Non-Agriculture,2026-02-25T14:56:49.139277
MEDCHAL-MALKAJGIRI,BACHUPALLY,BACHPALLE,KOUSALYA COLONY/PRIME MEADOWS/PRIME GARDENIA,12600.0,Non-Agriculture,2026-02-25T14:56:49.139277
MEDCHAL-MALKAJGIRI,BACHUPALLY,BACHPALLE,SRR PRIDE/PLEASANT VILLAS/KVR PARADISE/DR RED,12600.0,Non-Agriculture,2026-02-25T14:56:49.139277
MEDCHAL-MALKAJGIRI,BACHUPALLY,BACHPALLE,SRI SAI KRISHNA COLONY/SIMHAPURI/SBI COLONY,12600.0,Non-Agriculture,2026-02-25T14:56:49.141539
MEDCHAL-MALKAJGIRI,BACHUPALLY,BACHPALLE,SAI ANURAG COLONY/INDUSTRIAL AREA/SIRI HOMES,12600.0,Non-Agriculture,2026-02-25T14:56:49.141539
MEDCHAL-MALKAJGIRI,BACHUPALLY,BACHPALLE,RENUKA YELLAMMA COLONY/ASR BRUNDAVAM COLONY,12600.0,Non-Agriculture,2026-02-25T14:56:49.141539
MEDCHAL-MALKAJGIRI,BACHUPALLY,BACHPALLE,BACHUPALLY OLD VILLAGE/SC COLONY/SRR RIDGE,12600.0,Non-Agriculture,2026-02-25T14:56:49.141539
MEDCHAL-MALKAJGIRI,BACHUPALLY,BACHPALLE,SRINIVASA LAKE VIEW/SHIKHARA VILLAS,12600.0,Non-Agriculture,2026-02-25T14:56:49.141539
MEDCHAL-MALKAJGIRI,BACHUPALLY,BACHPALLE,HILL COUNTY/KGM COLONY/INDIRA NAGAR/KKM COLON,12600.0,Non-Agriculture,2026-02-25T14:56:49.143620
MEDCHAL-MALKAJGIRI,BACHUPALLY,BACHPALLE,SAI NAGAR/ADITYA GARDENS/SIDDIQ FLATS,12600.0,Non-Agriculture,2026-02-25T14:56:49.143620
MEDCHAL-MALKAJGIRI,BACHUPALLY,BACHPALLE,VASAVI LAYOUT/JAGAN  STUDIO AREA,12600.0,Non-Agriculture,2026-02-25T14:56:49.143620
MEDCHAL-MALKAJGIRI,BACHUPALLY,BACHPALLE,VISHNU PRIYA NAGAR/183 BLOCK NEAR NRI COLONY,12600.0,Non-Agriculture,2026-02-25T14:56:49.143620
MEDCHAL-MALKAJGIRI,BACHUPALLY,BACHPALLE,BACHUPALLY/3RD LAY OUT (INCOIS X ROAD),12600.0,Non-Agriculture,2026-02-25T14:56:49.143620
MEDCHAL-MALKAJGIRI,BACHUPALLY,BACHPALLE,PRASHANTHI GOLDEN HILLS/PRASHANTHI AVENUE,12600.0,Non-Agriculture,2026-02-25T14:56:49.143620
MEDCHAL-MALKAJGIRI,BACHUPALLY,BACHPALLE,APUROOPA  TOWNSHIP TO DOLLAR HILLS,12600.0,Non-Agriculture,2026-02-25T14:56:49.145837
MEDCHAL-MALKAJGIRI,BACHUPALLY,BACHPALLE,VIJETHA SUPER MARKET TO 66 BLOCK ELEPHANT X R,12600.0,Non-Agriculture,2026-02-25T14:56:49.145837
MEDCHAL-MALKAJGIRI,BACHUPALLY,BACHPALLE,RESIDENTIAL UNITS IN BACHUPALLY X ROAD TO HIL,12600.0,Non-Agriculture,2026-02-25T14:56:49.145837
MEDCHAL-MALKAJGIRI,BACHUPALLY,BACHPALLE,SHOPS ABUTTING TO MIYAPUR TO GANDIMAISAMMA RO,12600.0,Non-Agriculture,2026-02-25T14:56:49.145837
MEDCHAL-MALKAJGIRI,BACHUPALLY,BACHPALLE,SHOPS ABUTTING TO PRAGATHINAGAR KAMAN TO AMBE,12600.0,Non-Agriculture,2026-02-25T14:56:49.145837
MEDCHAL-MALKAJGIRI,BACHUPALLY,BACHPALLE,BACHUPALLY/ RAJEEV GANDHI NAGAR (BLOCK 5 TO 8,12600.0,Non-Agriculture,2026-02-25T14:56:49.147369
MEDCHAL-MALKAJGIRI,BACHUPALLY,BACHPALLE,BACHUPALLY/INDUSTRIAL AREA,12600.0,Non-Agriculture,2026-02-25T14:56:49.147369
MEDCHAL-MALKAJGIRI,BACHUPALLY,BACHPALLE,RESI UNITS ABUTTING TO MIYAPUR TO GM ROAD,12600.0,Non-Agriculture,2026-02-25T14:56:49.147369
MEDCHAL-MALKAJGIRI,BACHUPALLY,BACHPALLE,GULMOHAR TOWNSHIP/MANVITHAS GOKULAM,12600.0,Non-Agriculture,2026-02-25T14:56:49.147369
MEDCHAL-MALKAJGIRI,BACHUPALLY,BACHPALLE,KRCR COLONY/KVR RAINBOW COLONY/PRANEETH PRANA,12600.0,Non-Agriculture,2026-02-25T14:56:49.147369
MEDCHAL-MALKAJGIRI,BACHUPALLY,BACHPALLE,NRI COLONY/RK ENCLAVE/LORVEN HOMES/APUROOPA T,12600.0,Non-Agriculture,2026-02-25T14:56:49.149198
MEDCHAL-MALKAJGIRI,BACHUPALLY,BACHPALLE,GPR LAYOUT/IDPL COLONY,12600.0,Non-Agriculture,2026-02-25T14:56:49.149717
MEDCHAL-MALKAJGIRI,BACHUPALLY,BACHPALLE,BACHUPALLY/HIMAGIRI HILLS,12600.0,Non-Agriculture,2026-02-25T14:56:49.149717
MEDCHAL-MALKAJGIRI,BACHUPALLY,BACHPALLE,LAKE VIEW COLONY/PANCHAVATI  APTS,12600.0,Non-Agriculture,2026-02-25T14:56:49.151045
MEDCHAL-MALKAJGIRI,BACHUPALLY,BACHPALLE,BACHUPALLY/ RAJEEV GANDHI NAGAR (BLOCK 9 TO 1,12600.0,Non-Agriculture,2026-02-25T14:56:49.151045
MEDCHAL-MALKAJGIRI,BACHUPALLY,BACHPALLE,HI RISE AVENUE/SAI KRISHNAJA HILLS,12600.0,Non-Agriculture,2026-02-25T14:56:49.151045
MEDCHAL-MALKAJGIRI,BACHUPALLY,BACHPALLE,KRCR COLONY,12600.0,Non-Agriculture,2026-02-25T14:56:49.151045
MEDCHAL-MALKAJGIRI,BACHUPALLY,NIZAMPET,BALAJI LAYOUT/GAYATRI GARDENS,21000.0,Non-Agriculture,2026-02-25T14:56:49.696674
MEDCHAL-MALKAJGIRI,BACHUPALLY,NIZAMPET,REDDY AVENUE/SRINIVASA COLONY/NTR NAGAR/LAKEV,21000.0,Non-Agriculture,2026-02-25T14:56:49.696674
MEDCHAL-MALKAJGIRI,BACHUPALLY,NIZAMPET,NIZAMPET/VENKAT RAYA NAGAR,21000.0,Non-Agriculture,2026-02-25T14:56:49.696674
MEDCHAL-MALKAJGIRI,BACHUPALLY,NIZAMPET,BEVERLY PALMS/KUMMARA BASTHI/HI RISE VILLAS,21000.0,Non-Agriculture,2026-02-25T14:56:49.704987
MEDCHAL-MALKAJGIRI,BACHUPALLY,NIZAMPET,NIZAMPET/INDRANNA COLONY,21000.0,Non-Agriculture,2026-02-25T14:56:49.704987
MEDCHAL-MALKAJGIRI,BACHUPALLY,NIZAMPET,SRI BALAJI TOWERS/THIRU SANKALP APTS/ADITYA L,21000.0,Non-Agriculture,2026-02-25T14:56:49.704987
MEDCHAL-MALKAJGIRI,BACHUPALLY,NIZAMPET,SRINIVASAM BLOCKS/EASHWAR VILLAS,21000.0,Non-Agriculture,2026-02-25T14:56:49.707398
MEDCHAL-MALKAJGIRI,BACHUPALLY,NIZAMPET,NIZAMPET/BHAVYAS ANANDAM/EASHWAR VILLAS ROAD,21000.0,Non-Agriculture,2026-02-25T14:56:49.707903
MEDCHAL-MALKAJGIRI,BACHUPALLY,NIZAMPET,EASHWAR VILLAS ROAD LEFT/NIZAMPET WEAKAR SECT,21000.0,Non-Agriculture,2026-02-25T14:56:49.707903
MEDCHAL-MALKAJGIRI,BACHUPALLY,NIZAMPET,BALAJI NAGAR/VENKAT SAI NAGAR,21000.0,Non-Agriculture,2026-02-25T14:56:49.707903
MEDCHAL-MALKAJGIRI,BACHUPALLY,NIZAMPET,RASI VILLAS/PALEM PALLY VILLAS/NIZAMPET WEAKA,21000.0,Non-Agriculture,2026-02-25T14:56:49.709798
MEDCHAL-MALKAJGIRI,BACHUPALLY,NIZAMPET,BALAJI PARK TOWN/BALAJI NAGAR LEFT SIDE/KTR C,21000.0,Non-Agriculture,2026-02-25T14:56:49.709798
MEDCHAL-MALKAJGIRI,BACHUPALLY,NIZAMPET,SAINATH NAGAR/JNNURM PHASE II & III/GLR LAYOU,21000.0,Non-Agriculture,2026-02-25T14:56:49.710874
MEDCHAL-MALKAJGIRI,BACHUPALLY,NIZAMPET,BRUNDAVAN HILLS/MADHURA NAGAR/PRASHANTHI HILL,21000.0,Non-Agriculture,2026-02-25T14:56:49.710874
MEDCHAL-MALKAJGIRI,BACHUPALLY,NIZAMPET,NIZAMPET OLD VILLAGE/BANDARI LAYOUT,21000.0,Non-Agriculture,2026-02-25T14:56:49.710874
MEDCHAL-MALKAJGIRI,BACHUPALLY,NIZAMPET,NIZAMPET OLD VILLAGE/PARVATHI VILLAS/PUSHPAK,21000.0,Non-Agriculture,2026-02-25T14:56:49.710874
MEDCHAL-MALKAJGIRI,BACHUPALLY,NIZAMPET,PRIME VOLGA APTS/LAKE RIDGE COLONY,21000.0,Non-Agriculture,2026-02-25T14:56:49.710874
MEDCHAL-MALKAJGIRI,BACHUPALLY,NIZAMPET,NIZAMPET OLD VILLAGE/BANDARI LAYOUT,21000.0,Non-Agriculture,2026-02-25T14:56:49.715330
MEDCHAL-MALKAJGIRI,BACHUPALLY,NIZAMPET,NIZAMPET VILLAGE/JOURNALIST COLONY,21000.0,Non-Agriculture,2026-02-25T14:56:49.715330
MEDCHAL-MALKAJGIRI,BACHUPALLY,NIZAMPET,NIZAMPET/RAJIV GRUHAKALPA 1 TO 45 BLOCKS,21000.0,Non-Agriculture,2026-02-25T14:56:49.715330
MEDCHAL-MALKAJGIRI,BACHUPALLY,NIZAMPET,NIZAMPET/ RAJIV GRUHAKALPA 46 TO 81 BLOCKS,21000.0,Non-Agriculture,2026-02-25T14:56:49.717766
MEDCHAL-MALKAJGIRI,BACHUPALLY,NIZAMPET,RAJIV GRUHAKALPA 82 TO 103 BLOCKS/BRUNDAVAN H,21000.0,Non-Agriculture,2026-02-25T14:56:49.717766
MEDCHAL-MALKAJGIRI,BACHUPALLY,NIZAMPET,RESIDENTIAL UNITS IN HILL COUNTY TO NIZAMPET,21000.0,Non-Agriculture,2026-02-25T14:56:49.718788
MEDCHAL-MALKAJGIRI,BACHUPALLY,NIZAMPET,SHOPS ABUTTING TO HILL COUNTY TO NIZAMPET KAM,21000.0,Non-Agriculture,2026-02-25T14:56:49.718788
MEDCHAL-MALKAJGIRI,BACHUPALLY,NIZAMPET,KTR COLONY/JNNURM PHASE I,21000.0,Non-Agriculture,2026-02-25T14:56:49.718788
MEDCHAL-MALKAJGIRI,BALANAGAR,BALANAGAR,ALL RESIDENTIAL LOCALITY,20300.0,Non-Agriculture,2026-02-25T14:56:51.007102
MEDCHAL-MALKAJGIRI,BALANAGAR,BALANAGAR,BOWENPALLY CHECK POST TO BALANAGAR X ROAD-3,44900.0,Non-Agriculture,2026-02-25T14:56:51.007102
MEDCHAL-MALKAJGIRI,BALANAGAR,BALANAGAR,BOWENPALLY CHECK POST TO BALANAGAR X ROAD N H,44900.0,Non-Agriculture,2026-02-25T14:56:51.007102
MEDCHAL-MALKAJGIRI,BALANAGAR,BALANAGAR,ALL RESIDENTIAL LOCALITY,20300.0,Non-Agriculture,2026-02-25T14:56:51.007102
MEDCHAL-MALKAJGIRI,BALANAGAR,BALANAGAR,BALANAGAR TO SHOBHANA COLONY,26700.0,Non-Agriculture,2026-02-25T14:56:51.007102
MEDCHAL-MALKAJGIRI,BALANAGAR,BALANAGAR,BALANAGAR X ROAD TO MOOSAPET Y JUNCTION N H I,44900.0,Non-Agriculture,2026-02-25T14:56:51.007102
MEDCHAL-MALKAJGIRI,BALANAGAR,BALANAGAR,ALL RESIDENTIAL LOCALITY,20300.0,Non-Agriculture,2026-02-25T14:56:51.007102
MEDCHAL-MALKAJGIRI,BALANAGAR,BALANAGAR,BALANAGAR X ROAD TO MOOSAPET Y JUNCTION-3,44900.0,Non-Agriculture,2026-02-25T14:56:51.007102
MEDCHAL-MALKAJGIRI,BALANAGAR,BALANAGAR,BALANAGAR X ROAD TO MOOSAPET Y JUNCTION N H I,44900.0,Non-Agriculture,2026-02-25T14:56:51.007102
MEDCHAL-MALKAJGIRI,BALANAGAR,BALANAGAR,BALANAGAR TO KOMATBASTHI,26700.0,Non-Agriculture,2026-02-25T14:56:51.007102
MEDCHAL-MALKAJGIRI,BALANAGAR,BALANAGAR,BALANAGAR TO KOMATIBASTHI-3,26700.0,Non-Agriculture,2026-02-25T14:56:51.007102
MEDCHAL-MALKAJGIRI,BALANAGAR,BALANAGAR,BALANAGAR X ROAD TO MOOSAPET Y JUNCTION-3,44900.0,Non-Agriculture,2026-02-25T14:56:51.007102
MEDCHAL-MALKAJGIRI,BALANAGAR,BALANAGAR,BALANAGAR X ROAD TO MOOSAPET Y JUNCTION N H I,44900.0,Non-Agriculture,2026-02-25T14:56:51.007102
MEDCHAL-MALKAJGIRI,BALANAGAR,BALANAGAR,ALL RESIDENTIAL LOCALITY,20300.0,Non-Agriculture,2026-02-25T14:56:51.011788
MEDCHAL-MALKAJGIRI,BALANAGAR,BALANAGAR,BALANAGAR X ROAD TO MOOSAPET Y JUNCTION-3,44900.0,Non-Agriculture,2026-02-25T14:56:51.011788
MEDCHAL-MALKAJGIRI,BALANAGAR,BALANAGAR,BALANAGAR X ROAD TO MOOSAPET Y JUNCTION N H I,44900.0,Non-Agriculture,2026-02-25T14:56:51.011788
MEDCHAL-MALKAJGIRI,BALANAGAR,BALANAGAR,RAJU COLONY MAIN ROAD,26700.0,Non-Agriculture,2026-02-25T14:56:51.011788
MEDCHAL-MALKAJGIRI,BALANAGAR,BALANAGAR,RAJU COLONY MAIN ROAD-3,26700.0,Non-Agriculture,2026-02-25T14:56:51.011788
MEDCHAL-MALKAJGIRI,BALANAGAR,BALANAGAR,ALL RESIDENTIAL LOCALITY,20300.0,Non-Agriculture,2026-02-25T14:56:51.011788
MEDCHAL-MALKAJGIRI,BALANAGAR,BALANAGAR,RAJU COLONY ROAD,26700.0,Non-Agriculture,2026-02-25T14:56:51.011788
MEDCHAL-MALKAJGIRI,BALANAGAR,BALANAGAR,RAJU COLONY ROAD-3,26700.0,Non-Agriculture,2026-02-25T14:56:51.011788
MEDCHAL-MALKAJGIRI,BALANAGAR,BALANAGAR,ALL RESIDENTIAL LOCALITY,20300.0,Non-Agriculture,2026-02-25T14:56:51.011788
MEDCHAL-MALKAJGIRI,BALANAGAR,BALANAGAR,ALL RESIDENTIAL LOCALITY,20300.0,Non-Agriculture,2026-02-25T14:56:51.011788
MEDCHAL-MALKAJGIRI,BALANAGAR,BALANAGAR,ALL RESIDENTIAL LOCALITY,20300.0,Non-Agriculture,2026-02-25T14:56:51.011788
MEDCHAL-MALKAJGIRI,BALANAGAR,BALANAGAR,NARSAPUR X ROAD TO IDA JEEDIMETLA,32200.0,Non-Agriculture,2026-02-25T14:56:51.011788
MEDCHAL-MALKAJGIRI,BALANAGAR,BALANAGAR,NARSAPUR X ROAD TO IDA JEEDIMETLA-3,32200.0,Non-Agriculture,2026-02-25T14:56:51.011788
MEDCHAL-MALKAJGIRI,BALANAGAR,BALANAGAR,T I E BALANAGAR,23000.0,Non-Agriculture,2026-02-25T14:56:51.011788
MEDCHAL-MALKAJGIRI,BALANAGAR,BALANAGAR,TIE BALANAGAR-3,23000.0,Non-Agriculture,2026-02-25T14:56:51.011788
MEDCHAL-MALKAJGIRI,BALANAGAR,BALANAGAR,ALL INDUSTRIES,23000.0,Non-Agriculture,2026-02-25T14:56:51.011788
MEDCHAL-MALKAJGIRI,BALANAGAR,BALANAGAR,ALL INDUSTRIES-3,23000.0,Non-Agriculture,2026-02-25T14:56:51.013803
MEDCHAL-MALKAJGIRI,BALANAGAR,BALANAGAR,ALL RESIDENTIAL LOCALITY-1,20300.0,Non-Agriculture,2026-02-25T14:56:51.013803
MEDCHAL-MALKAJGIRI,BALANAGAR,BALANAGAR,BALANAGAR TO VINAYAK NAGAR,26700.0,Non-Agriculture,2026-02-25T14:56:51.013803
MEDCHAL-MALKAJGIRI,BALANAGAR,BALANAGAR,BALANAGAR TO VINAYAK NAGAR-3,26700.0,Non-Agriculture,2026-02-25T14:56:51.013803
MEDCHAL-MALKAJGIRI,BALANAGAR,BALANAGAR,RAJU COLONY ROAD,26700.0,Non-Agriculture,2026-02-25T14:56:51.013803
MEDCHAL-MALKAJGIRI,BALANAGAR,BALANAGAR,RAJU COLONY ROAD-3,26700.0,Non-Agriculture,2026-02-25T14:56:51.013803
MEDCHAL-MALKAJGIRI,BALANAGAR,BALANAGAR,T I E BALANAGAR,23000.0,Non-Agriculture,2026-02-25T14:56:51.013803
MEDCHAL-MALKAJGIRI,BALANAGAR,BALANAGAR,TIE BALANAGAR-3,23000.0,Non-Agriculture,2026-02-25T14:56:51.013803
MEDCHAL-MALKAJGIRI,BALANAGAR,BALANAGAR,BALANAGAR VILLAGE,20300.0,Non-Agriculture,2026-02-25T14:56:51.015213
MEDCHAL-MALKAJGIRI,BALANAGAR,BALANAGAR,VINAYAK NAGAR,20300.0,Non-Agriculture,2026-02-25T14:56:51.015213
MEDCHAL-MALKAJGIRI,BALANAGAR,BALANAGAR,BALANAGAR VILLAGE,20300.0,Non-Agriculture,2026-02-25T14:56:51.015213
MEDCHAL-MALKAJGIRI,BALANAGAR,BALANAGAR,BALANAGAR X ROAD TO BOWENPALLY NH ROAD,44900.0,Non-Agriculture,2026-02-25T14:56:51.015213
MEDCHAL-MALKAJGIRI,BALANAGAR,BALANAGAR,KOMATI BASTHI,20300.0,Non-Agriculture,2026-02-25T14:56:51.015213
MEDCHAL-MALKAJGIRI,BALANAGAR,BALANAGAR,BALANAGAR X ROAD TO BOWENPALLY NH ROAD,44900.0,Non-Agriculture,2026-02-25T14:56:51.015213
MEDCHAL-MALKAJGIRI,BALANAGAR,BALANAGAR,RAJU COLONY MAIN ROAD,26700.0,Non-Agriculture,2026-02-25T14:56:51.015213
MEDCHAL-MALKAJGIRI,BALANAGAR,BALANAGAR,RAJU COLONY,20300.0,Non-Agriculture,2026-02-25T14:56:51.015213
MEDCHAL-MALKAJGIRI,BALANAGAR,BALANAGAR,NARSAPUR X ROAD TO IDA JEEDIMETLA-1,32200.0,Non-Agriculture,2026-02-25T14:56:51.015213
MEDCHAL-MALKAJGIRI,BALANAGAR,BALANAGAR,BALANAGAR TO SHOBHANA COLONY-3,26700.0,Non-Agriculture,2026-02-25T14:56:51.015213
MEDCHAL-MALKAJGIRI,BALANAGAR,BALANAGAR,BALANAGAR X ROAD TO BOWENPALLY NH ROAD-1,44900.0,Non-Agriculture,2026-02-25T14:56:51.015213
MEDCHAL-MALKAJGIRI,BALANAGAR,BALANAGAR,BALANAGAR VILLAGE,20300.0,Non-Agriculture,2026-02-25T14:56:51.015213
MEDCHAL-MALKAJGIRI,BALANAGAR,BALANAGAR,RAJU COLONY,20300.0,Non-Agriculture,2026-02-25T14:56:51.017233
MEDCHAL-MALKAJGIRI,BALANAGAR,BALANAGAR,BALANAGAR VILLAGE,20300.0,Non-Agriculture,2026-02-25T14:56:51.017233
MEDCHAL-MALKAJGIRI,BALANAGAR,BALANAGAR,BALANAGAR INTERNAL LEADING ROAD-9,26700.0,Non-Agriculture,2026-02-25T14:56:51.017233
MEDCHAL-MALKAJGIRI,BALANAGAR,BALANAGAR,BALANAGAR INTERNAL LEADING ROAD-9,26700.0,Non-Agriculture,2026-02-25T14:56:51.017233
MEDCHAL-MALKAJGIRI,BALANAGAR,BALANAGAR,BALANAGAR X ROAD TO MOOSAPET Y JUNCTION-3,44900.0,Non-Agriculture,2026-02-25T14:56:51.017233
MEDCHAL-MALKAJGIRI,BALANAGAR,BALANAGAR,ALL RESIDENTIAL LOCALITY,20300.0,Non-Agriculture,2026-02-25T14:56:51.017233
MEDCHAL-MALKAJGIRI,BALANAGAR,BALANAGAR,CHITARAM NAGAR,20300.0,Non-Agriculture,2026-02-25T14:56:51.017233
MEDCHAL-MALKAJGIRI,BALANAGAR,BALANAGAR,INTERNAL LEADING ROAD,26700.0,Non-Agriculture,2026-02-25T14:56:51.017233
MEDCHAL-MALKAJGIRI,BALANAGAR,BALANAGAR,INTERNAL LEADING ROAD,26700.0,Non-Agriculture,2026-02-25T14:56:51.017233
MEDCHAL-MALKAJGIRI,BALANAGAR,BALANAGAR,BALANAGAR X ROAD TO BOWENPALLY NH,44900.0,Non-Agriculture,2026-02-25T14:56:51.017233
MEDCHAL-MALKAJGIRI,BALANAGAR,BALANAGAR,BALANAGAR X ROAD TO BOWENPALLY N H,44900.0,Non-Agriculture,2026-02-25T14:56:51.017233
MEDCHAL-MALKAJGIRI,BALANAGAR,BALANAGAR,BALANAGAR  INDUSTRIES-3,23000.0,Non-Agriculture,2026-02-25T14:56:51.017233
MEDCHAL-MALKAJGIRI,BALANAGAR,BALANAGAR,MOOSAPET Y JUCTION TO BOWENPALL NH ROAD-1,44900.0,Non-Agriculture,2026-02-25T14:56:51.017233
MEDCHAL-MALKAJGIRI,BALANAGAR,BALANAGAR,MOOSAPET Y JUCTION TO BOWENPALLY NH ROAD-1,44900.0,Non-Agriculture,2026-02-25T14:56:51.017233
MEDCHAL-MALKAJGIRI,BALANAGAR,BALANAGAR,BOWENPALLY CHECKPOST TO BALANAGAR X ROAD NH,44900.0,Non-Agriculture,2026-02-25T14:56:51.019251
MEDCHAL-MALKAJGIRI,BALANAGAR,BALANAGAR,BOWENPALLY CHECKPOST TO BALANAGAR X ROAD NH,44900.0,Non-Agriculture,2026-02-25T14:56:51.019251
MEDCHAL-MALKAJGIRI,BALANAGAR,BALANAGAR,BALANAGAR VILLAGE,20300.0,Non-Agriculture,2026-02-25T14:56:51.019251
MEDCHAL-MALKAJGIRI,BALANAGAR,BALANAGAR,BALANAGAR TO VINAYAK NAGAR ROAD,26700.0,Non-Agriculture,2026-02-25T14:56:51.019251
MEDCHAL-MALKAJGIRI,BALANAGAR,BALANAGAR,BALANAGAR TO VINAYAK NAGAR ROAD,26700.0,Non-Agriculture,2026-02-25T14:56:51.019251
MEDCHAL-MALKAJGIRI,BALANAGAR,BALANAGAR,RAJU COLONY ROAD,26700.0,Non-Agriculture,2026-02-25T14:56:51.019251
MEDCHAL-MALKAJGIRI,BALANAGAR,BALANAGAR,RAJU COLONY ROAD-1,26700.0,Non-Agriculture,2026-02-25T14:56:51.019251
MEDCHAL-MALKAJGIRI,BALANAGAR,BALANAGAR,SHOBANA COLONY,20300.0,Non-Agriculture,2026-02-25T14:56:51.019251
MEDCHAL-MALKAJGIRI,BALANAGAR,BALANAGAR,BALANAGAR TO SHOBHANA COLONY,26700.0,Non-Agriculture,2026-02-25T14:56:51.019251
MEDCHAL-MALKAJGIRI,BALANAGAR,BALANAGAR,BALANAGAR TO SHOBHANA COLONY-1,26700.0,Non-Agriculture,2026-02-25T14:56:51.021018
MEDCHAL-MALKAJGIRI,BALANAGAR,BALANAGAR,BALANAGAR X ROAD TO BOWENPALLY NH ROAD-1,44900.0,Non-Agriculture,2026-02-25T14:56:51.021018
MEDCHAL-MALKAJGIRI,BALANAGAR,BALANAGAR,BALANAGAR VILLAGE,20300.0,Non-Agriculture,2026-02-25T14:56:51.021724
MEDCHAL-MALKAJGIRI,BALANAGAR,BALANAGAR,SHOBANA COLONY,20300.0,Non-Agriculture,2026-02-25T14:56:51.021724
MEDCHAL-MALKAJGIRI,BALANAGAR,BALANAGAR,BALANAGAR X ROAD TO BOWENPALLY NH ROAD,44900.0,Non-Agriculture,2026-02-25T14:56:51.021724
MEDCHAL-MALKAJGIRI,BALANAGAR,BALANAGAR,BALANAGAR VILLAGE,20300.0,Non-Agriculture,2026-02-25T14:56:51.021724
MEDCHAL-MALKAJGIRI,BALANAGAR,BALANAGAR,BALANAGAR TO KOMATI BASTHI ROAD,26700.0,Non-Agriculture,2026-02-25T14:56:51.021724
MEDCHAL-MALKAJGIRI,BALANAGAR,BALANAGAR,BALANAGAR TO KOMATI BASTHI ROAD-1,26700.0,Non-Agriculture,2026-02-25T14:56:51.021724
MEDCHAL-MALKAJGIRI,BALANAGAR,BALANAGAR,BALANAGAR X ROAD TO BOWENPALLY NH ROAD-1,44900.0,Non-Agriculture,2026-02-25T14:56:51.021724
MEDCHAL-MALKAJGIRI,BALANAGAR,BALANAGAR,BALANAGAR VILLAGE,20300.0,Non-Agriculture,2026-02-25T14:56:51.021724
MEDCHAL-MALKAJGIRI,BALANAGAR,BALANAGAR,BOWENPALLY CHECKPOST TO BALANAGAR X ROAD NH,44900.0,Non-Agriculture,2026-02-25T14:56:51.021724
MEDCHAL-MALKAJGIRI,BALANAGAR,BALANAGAR,BOWENPALLY CHECKPOST TO BALANAGAR X ROAD NH-1,44900.0,Non-Agriculture,2026-02-25T14:56:51.021724
MEDCHAL-MALKAJGIRI,BALANAGAR,BALANAGAR,RAJU COLONY MAIN ROAD-1,26700.0,Non-Agriculture,2026-02-25T14:56:51.023666
MEDCHAL-MALKAJGIRI,BALANAGAR,BALANAGAR,RAJU COLONY,20300.0,Non-Agriculture,2026-02-25T14:56:51.023666
MEDCHAL-MALKAJGIRI,BALANAGAR,BALANAGAR,RAJU COLONY MAIN ROAD,26700.0,Non-Agriculture,2026-02-25T14:56:51.024178
MEDCHAL-MALKAJGIRI,BALANAGAR,BALANAGAR,RAJU COLONY MAIN ROAD-1,26700.0,Non-Agriculture,2026-02-25T14:56:51.024178
MEDCHAL-MALKAJGIRI,BALANAGAR,BALANAGAR,BALANAGAR VILLAGE,20300.0,Non-Agriculture,2026-02-25T14:56:51.024178
MEDCHAL-MALKAJGIRI,BALANAGAR,BALANAGAR,BALANAGAR VILLAGE,20300.0,Non-Agriculture,2026-02-25T14:56:51.024178
MEDCHAL-MALKAJGIRI,BALANAGAR,BALANAGAR,RAJU COLONY,20300.0,Non-Agriculture,2026-02-25T14:56:51.024178
MEDCHAL-MALKAJGIRI,BALANAGAR,BALANAGAR,BALANAGAR VILLAGE,20300.0,Non-Agriculture,2026-02-25T14:56:51.024178
MEDCHAL-MALKAJGIRI,BALANAGAR,BALANAGAR,RAJU COLONY,20300.0,Non-Agriculture,2026-02-25T14:56:51.024178
MEDCHAL-MALKAJGIRI,BALANAGAR,BALANAGAR,NARSAPUR X ROAD TO IDA JEEDIMETLA,32200.0,Non-Agriculture,2026-02-25T14:56:51.024178
MEDCHAL-MALKAJGIRI,BALANAGAR,BEGUMPET PAIGAH,BEGUMPET,32200.0,Non-Agriculture,2026-02-25T14:56:51.624481
MEDCHAL-MALKAJGIRI,BALANAGAR,BEGUMPET PAIGAH,BEGUMPET-1,32200.0,Non-Agriculture,2026-02-25T14:56:51.624481
MEDCHAL-MALKAJGIRI,BALANAGAR,BEGUMPET PAIGAH,BEGUMPET COMM-2,32200.0,Non-Agriculture,2026-02-25T14:56:51.624481
MEDCHAL-MALKAJGIRI,BALANAGAR,BEGUMPET PAIGAH,BEGUMPET MAIN ROAD-2,71500.0,Non-Agriculture,2026-02-25T14:56:51.624481
MEDCHAL-MALKAJGIRI,BALANAGAR,BEGUMPET PAIGAH,BEGUMPET SLUM,32200.0,Non-Agriculture,2026-02-25T14:56:51.624481
MEDCHAL-MALKAJGIRI,BALANAGAR,BEGUMPET PAIGAH,BEGUMPET SLUM COMM-2,32200.0,Non-Agriculture,2026-02-25T14:56:51.624481
MEDCHAL-MALKAJGIRI,BALANAGAR,BEGUMPET PAIGAH,BHAGWANTHA PURA,32200.0,Non-Agriculture,2026-02-25T14:56:51.624481
MEDCHAL-MALKAJGIRI,BALANAGAR,BEGUMPET PAIGAH,BHAGWANTHAPUR COMM-2,32200.0,Non-Agriculture,2026-02-25T14:56:51.629071
MEDCHAL-MALKAJGIRI,BALANAGAR,BEGUMPET PAIGAH,ERUKALA BASTI,32200.0,Non-Agriculture,2026-02-25T14:56:51.629758
MEDCHAL-MALKAJGIRI,BALANAGAR,BEGUMPET PAIGAH,ERUKALA BASTI COMM-2,32200.0,Non-Agriculture,2026-02-25T14:56:51.629758
MEDCHAL-MALKAJGIRI,BALANAGAR,BEGUMPET PAIGAH,GAGAN VIHAR,32200.0,Non-Agriculture,2026-02-25T14:56:51.629758
MEDCHAL-MALKAJGIRI,BALANAGAR,BEGUMPET PAIGAH,GAGAN VIHAR COMM-2,32200.0,Non-Agriculture,2026-02-25T14:56:51.629758
MEDCHAL-MALKAJGIRI,BALANAGAR,BEGUMPET PAIGAH,GURU MURTHY LANE,32200.0,Non-Agriculture,2026-02-25T14:56:51.629758
MEDCHAL-MALKAJGIRI,BALANAGAR,BEGUMPET PAIGAH,GURU MURTHY LANE COMM-2,32200.0,Non-Agriculture,2026-02-25T14:56:51.629758
MEDCHAL-MALKAJGIRI,BALANAGAR,BEGUMPET PAIGAH,HYDERABAD PUBLIC SCHOOL,32200.0,Non-Agriculture,2026-02-25T14:56:51.629758
MEDCHAL-MALKAJGIRI,BALANAGAR,BEGUMPET PAIGAH,HYDERABAD PUBLIC SCHOOL COMM-2,32200.0,Non-Agriculture,2026-02-25T14:56:51.629758
MEDCHAL-MALKAJGIRI,BALANAGAR,BEGUMPET PAIGAH,K M MAHALAXMI TEMPLE,32200.0,Non-Agriculture,2026-02-25T14:56:51.634870
MEDCHAL-MALKAJGIRI,BALANAGAR,BEGUMPET PAIGAH,K M MAHALAXMI TEMPLE COMM-2,32200.0,Non-Agriculture,2026-02-25T14:56:51.634870
MEDCHAL-MALKAJGIRI,BALANAGAR,BEGUMPET PAIGAH,MOTILAL NAGAR,32200.0,Non-Agriculture,2026-02-25T14:56:51.634870
MEDCHAL-MALKAJGIRI,BALANAGAR,BEGUMPET PAIGAH,MOTILAL NAGAR COMM-2,32200.0,Non-Agriculture,2026-02-25T14:56:51.634870
MEDCHAL-MALKAJGIRI,BALANAGAR,BEGUMPET PAIGAH,SBI COLONY,32200.0,Non-Agriculture,2026-02-25T14:56:51.634870
MEDCHAL-MALKAJGIRI,BALANAGAR,BEGUMPET PAIGAH,SBI COLONY COMM-2,32200.0,Non-Agriculture,2026-02-25T14:56:51.634870
MEDCHAL-MALKAJGIRI,BALANAGAR,BEGUMPET PAIGAH,SHAMLAL BUILDING,32200.0,Non-Agriculture,2026-02-25T14:56:51.634870
MEDCHAL-MALKAJGIRI,BALANAGAR,BEGUMPET PAIGAH,SHAMLAL BUILDING COMM-2,32200.0,Non-Agriculture,2026-02-25T14:56:51.638122
MEDCHAL-MALKAJGIRI,BALANAGAR,BEGUMPET PAIGAH,TATA CHARY COLONY,32200.0,Non-Agriculture,2026-02-25T14:56:51.638122
MEDCHAL-MALKAJGIRI,BALANAGAR,BEGUMPET PAIGAH,BEGUMPET MAIN ROAD-3,71500.0,Non-Agriculture,2026-02-25T14:56:51.638122
MEDCHAL-MALKAJGIRI,BALANAGAR,BEGUMPET PAIGAH,TATA CHARY COLONY COMM-2,32200.0,Non-Agriculture,2026-02-25T14:56:51.638122
MEDCHAL-MALKAJGIRI,BALANAGAR,BEGUMPET PAIGAH,AIR PORT ADJACENT ROAD,32200.0,Non-Agriculture,2026-02-25T14:56:51.638122
MEDCHAL-MALKAJGIRI,BALANAGAR,BEGUMPET PAIGAH,AIR PORT TO MAHALAKSHMI  TEMPLE MAIN ROAD,71500.0,Non-Agriculture,2026-02-25T14:56:51.638122
MEDCHAL-MALKAJGIRI,BALANAGAR,BEGUMPET PAIGAH,ALLAUDDIN BUILDING ADJACENT ROAD,32200.0,Non-Agriculture,2026-02-25T14:56:51.638122
MEDCHAL-MALKAJGIRI,BALANAGAR,BEGUMPET PAIGAH,AXIS BANK ADJACENT ROAD,32200.0,Non-Agriculture,2026-02-25T14:56:51.638122
MEDCHAL-MALKAJGIRI,BALANAGAR,BEGUMPET PAIGAH,HANUMAN TEMPLE ADJACENT ROAD,32200.0,Non-Agriculture,2026-02-25T14:56:51.638122
MEDCHAL-MALKAJGIRI,BALANAGAR,BEGUMPET PAIGAH,PEACE HOSPITAL ADJACENT ROAD,32200.0,Non-Agriculture,2026-02-25T14:56:51.638122
MEDCHAL-MALKAJGIRI,BALANAGAR,BEGUMPET PAIGAH,PETROL BUNK ADJACENT ROAD,32200.0,Non-Agriculture,2026-02-25T14:56:51.638122
MEDCHAL-MALKAJGIRI,BALANAGAR,BEGUMPET PAIGAH,SHOPPERS STOP ADJACENT ROAD,32200.0,Non-Agriculture,2026-02-25T14:56:51.638122
MEDCHAL-MALKAJGIRI,BALANAGAR,BOBBUGUDA,ALL RESIDENTIAL LOCALITY,23000.0,Non-Agriculture,2026-02-25T14:56:52.210712
MEDCHAL-MALKAJGIRI,BALANAGAR,BOBBUGUDA,BORABANDA TO SNEHAPURI,32200.0,Non-Agriculture,2026-02-25T14:56:52.210712
MEDCHAL-MALKAJGIRI,BALANAGAR,BOBBUGUDA,BORABANDA TO SNEHAPURI COLONY-3,32200.0,Non-Agriculture,2026-02-25T14:56:52.210712
MEDCHAL-MALKAJGIRI,BALANAGAR,BOBBUGUDA,ALL RESIDENTIAL LOCALITY,23000.0,Non-Agriculture,2026-02-25T14:56:52.212734
MEDCHAL-MALKAJGIRI,BALANAGAR,BOBBUGUDA,ALL RESIDENTIAL LOCALITY,23000.0,Non-Agriculture,2026-02-25T14:56:52.213255
MEDCHAL-MALKAJGIRI,BALANAGAR,BOBBUGUDA,ALL RESIDENTIAL LOCALITY,23000.0,Non-Agriculture,2026-02-25T14:56:52.213255
MEDCHAL-MALKAJGIRI,BALANAGAR,BOBBUGUDA,BORABANDA MAIN ROAD,32200.0,Non-Agriculture,2026-02-25T14:56:52.213255
MEDCHAL-MALKAJGIRI,BALANAGAR,BOBBUGUDA,BORABANDA MAIN ROAD-3,32200.0,Non-Agriculture,2026-02-25T14:56:52.213255
MEDCHAL-MALKAJGIRI,BALANAGAR,BOBBUGUDA,MOTHI NAGAR,23000.0,Non-Agriculture,2026-02-25T14:56:52.213255
MEDCHAL-MALKAJGIRI,BALANAGAR,BOBBUGUDA,BOBBUGUDA VILLAGE,23000.0,Non-Agriculture,2026-02-25T14:56:52.213255
MEDCHAL-MALKAJGIRI,BALANAGAR,BOBBUGUDA,BORABANDA MAIN ROAD,32200.0,Non-Agriculture,2026-02-25T14:56:52.213255
MEDCHAL-MALKAJGIRI,BALANAGAR,BOBBUGUDA,BALAJI SWARNAPURI COLONY,23000.0,Non-Agriculture,2026-02-25T14:56:52.213255
MEDCHAL-MALKAJGIRI,BALANAGAR,BOBBUGUDA,ALL RESIDENTIAL LOCALITY,23000.0,Non-Agriculture,2026-02-25T14:56:52.213255
MEDCHAL-MALKAJGIRI,BALANAGAR,BOBBUGUDA,BOBBUGUDA VILLAGE,23000.0,Non-Agriculture,2026-02-25T14:56:52.213255
MEDCHAL-MALKAJGIRI,BALANAGAR,BOBBUGUDA,AVANTHI NAGAR,23000.0,Non-Agriculture,2026-02-25T14:56:52.213255
MEDCHAL-MALKAJGIRI,BALANAGAR,BOBBUGUDA,AVANTHI NAGAR EAST,23000.0,Non-Agriculture,2026-02-25T14:56:52.213255
MEDCHAL-MALKAJGIRI,BALANAGAR,BOBBUGUDA,AVANTHI NAGAR THOTA,23000.0,Non-Agriculture,2026-02-25T14:56:52.213255
MEDCHAL-MALKAJGIRI,BALANAGAR,BOBBUGUDA,KABEER NAGAR,23000.0,Non-Agriculture,2026-02-25T14:56:52.213255
MEDCHAL-MALKAJGIRI,BALANAGAR,BOBBUGUDA,SNEHAPURI COLONY,23000.0,Non-Agriculture,2026-02-25T14:56:52.220415
MEDCHAL-MALKAJGIRI,BALANAGAR,BOBBUGUDA,BORABANDA TO SNEHAPURI COLONY ROAD,32200.0,Non-Agriculture,2026-02-25T14:56:52.221493
MEDCHAL-MALKAJGIRI,BALANAGAR,BOBBUGUDA,BORABANDA TO SNEHAPURI COLONY ROAD-1,32200.0,Non-Agriculture,2026-02-25T14:56:52.222171
MEDCHAL-MALKAJGIRI,BALANAGAR,BOBBUGUDA,KABEER NAGAR,23000.0,Non-Agriculture,2026-02-25T14:56:52.222831
MEDCHAL-MALKAJGIRI,BALANAGAR,BOBBUGUDA,BOBBUGUDA VILLAGE,23000.0,Non-Agriculture,2026-02-25T14:56:52.223418
MEDCHAL-MALKAJGIRI,BALANAGAR,BOBBUGUDA,KABEER NAGAR,23000.0,Non-Agriculture,2026-02-25T14:56:52.224045
MEDCHAL-MALKAJGIRI,BALANAGAR,BOBBUGUDA,BOBBUGUDA VILLAGE,23000.0,Non-Agriculture,2026-02-25T14:56:52.224045
MEDCHAL-MALKAJGIRI,BALANAGAR,BOBBUGUDA,BOBBUGUDA VILLAGE,23000.0,Non-Agriculture,2026-02-25T14:56:52.224045
MEDCHAL-MALKAJGIRI,BALANAGAR,BOBBUGUDA,KABEER NAGAR,23000.0,Non-Agriculture,2026-02-25T14:56:52.224045
MEDCHAL-MALKAJGIRI,BALANAGAR,BOBBUGUDA,HARI NAGAR,23000.0,Non-Agriculture,2026-02-25T14:56:52.224045
MEDCHAL-MALKAJGIRI,BALANAGAR,BOBBUGUDA,BORABANDA MAIN ROAD-1,32200.0,Non-Agriculture,2026-02-25T14:56:52.224045
MEDCHAL-MALKAJGIRI,DUNDIGAL GANDIMAISAMMA,BAHADURPALLE,S.C.BASTHI,7000.0,Non-Agriculture,2026-02-25T14:56:53.211589
MEDCHAL-MALKAJGIRI,DUNDIGAL GANDIMAISAMMA,BAHADURPALLE,MUNUR BASTHI,7000.0,Non-Agriculture,2026-02-25T14:56:53.211589
MEDCHAL-MALKAJGIRI,DUNDIGAL GANDIMAISAMMA,BAHADURPALLE,BAHADURPALLY X ROAD,7000.0,Non-Agriculture,2026-02-25T14:56:53.211589
MEDCHAL-MALKAJGIRI,DUNDIGAL GANDIMAISAMMA,BAHADURPALLE,BAHADURPALLY X ROAD,7000.0,Non-Agriculture,2026-02-25T14:56:53.211589
MEDCHAL-MALKAJGIRI,DUNDIGAL GANDIMAISAMMA,BAHADURPALLE,BAHADURPALLLY X ROAD,7000.0,Non-Agriculture,2026-02-25T14:56:53.211589
MEDCHAL-MALKAJGIRI,DUNDIGAL GANDIMAISAMMA,DOMMARA POCHAMPALLE,DOCTOR COLONY,3400.0,Non-Agriculture,2026-02-25T14:56:54.130818
MEDCHAL-MALKAJGIRI,DUNDIGAL GANDIMAISAMMA,DOMMARA POCHAMPALLE,BALAJI HOMES. DOCTOR COLONY,3400.0,Non-Agriculture,2026-02-25T14:56:54.130818
MEDCHAL-MALKAJGIRI,DUNDIGAL GANDIMAISAMMA,DOMMARA POCHAMPALLE,BALAJI HOMES. GANDIMAISAMMA,3400.0,Non-Agriculture,2026-02-25T14:56:54.130818
MEDCHAL-MALKAJGIRI,DUNDIGAL GANDIMAISAMMA,DOMMARA POCHAMPALLE,DOCTOR COLONY,3400.0,Non-Agriculture,2026-02-25T14:56:54.130818
MEDCHAL-MALKAJGIRI,DUNDIGAL GANDIMAISAMMA,DOMMARA POCHAMPALLE,DURGA COLONY,3400.0,Non-Agriculture,2026-02-25T14:56:54.130818
MEDCHAL-MALKAJGIRI,DUNDIGAL GANDIMAISAMMA,DOMMARA POCHAMPALLE,DOCTOR COLONY,3400.0,Non-Agriculture,2026-02-25T14:56:54.130818
MEDCHAL-MALKAJGIRI,GHATKESAR,ANKUSHAPUR,RESIDENTIAL LOCALTIES,2300.0,Non-Agriculture,2026-02-25T14:56:55.160639
MEDCHAL-MALKAJGIRI,GHATKESAR,ANKUSHAPUR,RESIDENTIAL LOCALTIES,2300.0,Non-Agriculture,2026-02-25T14:56:55.160639
MEDCHAL-MALKAJGIRI,GHATKESAR,ANKUSHAPUR,NATIONAL HIGH WAY,4200.0,Non-Agriculture,2026-02-25T14:56:55.160639
MEDCHAL-MALKAJGIRI,GHATKESAR,ANKUSHAPUR,RESIDENTIAL LOCALTIES,2300.0,Non-Agriculture,2026-02-25T14:56:55.165845
MEDCHAL-MALKAJGIRI,GHATKESAR,ANKUSHAPUR,RESIDENTIAL LOCALTIES,2300.0,Non-Agriculture,2026-02-25T14:56:55.165845
MEDCHAL-MALKAJGIRI,GHATKESAR,ANKUSHAPUR,RESIDENTIAL LOCALTIES,2300.0,Non-Agriculture,2026-02-25T14:56:55.165845
MEDCHAL-MALKAJGIRI,GHATKESAR,ANKUSHAPUR,RESIDENTIAL LOCALTIES,2300.0,Non-Agriculture,2026-02-25T14:56:55.165845
MEDCHAL-MALKAJGIRI,GHATKESAR,ANKUSHAPUR,RESIDENTIAL LOCALTIES,2300.0,Non-Agriculture,2026-02-25T14:56:55.165845
MEDCHAL-MALKAJGIRI,GHATKESAR,ANNOJIGUDA,WARANGAL HIGH WAY,14700.0,Non-Agriculture,2026-02-25T14:56:55.690519
MEDCHAL-MALKAJGIRI,GHATKESAR,ANNOJIGUDA,RESIDENTIAL LOCALTIES,4200.0,Non-Agriculture,2026-02-25T14:56:55.690519
MEDCHAL-MALKAJGIRI,GHATKESAR,ANNOJIGUDA,WARANGAL HIGH WAY,14700.0,Non-Agriculture,2026-02-25T14:56:55.690519
MEDCHAL-MALKAJGIRI,GHATKESAR,ANNOJIGUDA,FACING OUTER RING ROAD-6,6800.0,Non-Agriculture,2026-02-25T14:56:55.690519
MEDCHAL-MALKAJGIRI,GHATKESAR,ANNOJIGUDA,INDRANAGAR COLONY,4200.0,Non-Agriculture,2026-02-25T14:56:55.690519
MEDCHAL-MALKAJGIRI,GHATKESAR,ANNOJIGUDA,WARANGAL HIGH WAY,14700.0,Non-Agriculture,2026-02-25T14:56:55.690519
MEDCHAL-MALKAJGIRI,GHATKESAR,ANNOJIGUDA,SC COLONY,4200.0,Non-Agriculture,2026-02-25T14:56:55.690519
MEDCHAL-MALKAJGIRI,GHATKESAR,ANNOJIGUDA,KRISHNA RAO NAGAR,4200.0,Non-Agriculture,2026-02-25T14:56:55.690519
MEDCHAL-MALKAJGIRI,GHATKESAR,ANNOJIGUDA,RAJEEV GRUHAKALPA COLONY,4200.0,Non-Agriculture,2026-02-25T14:56:55.690519
MEDCHAL-MALKAJGIRI,GHATKESAR,ANNOJIGUDA,PHC COLONY,4200.0,Non-Agriculture,2026-02-25T14:56:55.690519
MEDCHAL-MALKAJGIRI,GHATKESAR,ANNOJIGUDA,MITHRA LAYOUT-1,4200.0,Non-Agriculture,2026-02-25T14:56:55.690519
MEDCHAL-MALKAJGIRI,GHATKESAR,ANNOJIGUDA,SURYA NAGAR-1,4200.0,Non-Agriculture,2026-02-25T14:56:55.690519
MEDCHAL-MALKAJGIRI,GHATKESAR,ANNOJIGUDA,RESIDENTIAL LOCALTIES,4200.0,Non-Agriculture,2026-02-25T14:56:55.690519
MEDCHAL-MALKAJGIRI,GHATKESAR,ANNOJIGUDA,SAINAGAR,4200.0,Non-Agriculture,2026-02-25T14:56:55.690519
MEDCHAL-MALKAJGIRI,GHATKESAR,ANNOJIGUDA,RESIDENTIAL LOCALITIES-1,4200.0,Non-Agriculture,2026-02-25T14:56:55.690519
MEDCHAL-MALKAJGIRI,GHATKESAR,ANNOJIGUDA,ANNOJIGUDA OLD VILLAGE,4200.0,Non-Agriculture,2026-02-25T14:56:55.690519
MEDCHAL-MALKAJGIRI,GHATKESAR,ANNOJIGUDA,ANNOJIGUDA OLD VILLAGE,4200.0,Non-Agriculture,2026-02-25T14:56:55.690519
MEDCHAL-MALKAJGIRI,GHATKESAR,ANNOJIGUDA,SAI PRAGATHI NAGAR,4200.0,Non-Agriculture,2026-02-25T14:56:55.690519
MEDCHAL-MALKAJGIRI,GHATKESAR,ANNOJIGUDA,SLNS COLONY,4200.0,Non-Agriculture,2026-02-25T14:56:55.690519
MEDCHAL-MALKAJGIRI,GHATKESAR,ANNOJIGUDA,SLNS COLONY,4200.0,Non-Agriculture,2026-02-25T14:56:55.690519
MEDCHAL-MALKAJGIRI,GHATKESAR,ANNOJIGUDA,SAI NAGAR,4200.0,Non-Agriculture,2026-02-25T14:56:55.690519
MEDCHAL-MALKAJGIRI,GHATKESAR,AUSHAPUR,RESIDENTIAL LOCALITIES-1,3000.0,Non-Agriculture,2026-02-25T14:56:56.225849
MEDCHAL-MALKAJGIRI,GHATKESAR,AUSHAPUR,WARANGAL HIGH WAY,6300.0,Non-Agriculture,2026-02-25T14:56:56.227925
MEDCHAL-MALKAJGIRI,GHATKESAR,AUSHAPUR,PANNAL GUDAM,3000.0,Non-Agriculture,2026-02-25T14:56:56.227925
MEDCHAL-MALKAJGIRI,GHATKESAR,AUSHAPUR,SC COLONY,3000.0,Non-Agriculture,2026-02-25T14:56:56.227925
MEDCHAL-MALKAJGIRI,GHATKESAR,AUSHAPUR,BC COLONY,3000.0,Non-Agriculture,2026-02-25T14:56:56.227925
MEDCHAL-MALKAJGIRI,GHATKESAR,AUSHAPUR,SHANOOR NAGAR,3000.0,Non-Agriculture,2026-02-25T14:56:56.227925
MEDCHAL-MALKAJGIRI,GHATKESAR,AUSHAPUR,WARANGAL HIGH WAY,6300.0,Non-Agriculture,2026-02-25T14:56:56.227925
MEDCHAL-MALKAJGIRI,GHATKESAR,AUSHAPUR,SHANOOR NAGAR,3000.0,Non-Agriculture,2026-02-25T14:56:56.227925
MEDCHAL-MALKAJGIRI,GHATKESAR,AUSHAPUR,WARANGAL HIGH WAY,6300.0,Non-Agriculture,2026-02-25T14:56:56.229990
MEDCHAL-MALKAJGIRI,GHATKESAR,AUSHAPUR,FACING BY PASS-7,6300.0,Non-Agriculture,2026-02-25T14:56:56.229990
MEDCHAL-MALKAJGIRI,GHATKESAR,AUSHAPUR,NEW RESIDENTIAL LOCALITIES,3000.0,Non-Agriculture,2026-02-25T14:56:56.229990
MEDCHAL-MALKAJGIRI,GHATKESAR,AUSHAPUR,NEW RESIDENTIAL LOCALITIES,3000.0,Non-Agriculture,2026-02-25T14:56:56.229990
MEDCHAL-MALKAJGIRI,GHATKESAR,AUSHAPUR,JAGATH SWAPNA HOMES,3000.0,Non-Agriculture,2026-02-25T14:56:56.229990
MEDCHAL-MALKAJGIRI,GHATKESAR,AUSHAPUR,GOLDEN VALLY HOMES,3200.0,Non-Agriculture,2026-02-25T14:56:56.229990
SANGAREDDY,AMEENPUR,AMEENAPUR,HOUSE SITE,10200.0,Non-Agriculture,2026-02-25T14:56:57.272035
SANGAREDDY,AMEENPUR,AMEENAPUR,OLD VILLAGE AMEENPUR,10200.0,Non-Agriculture,2026-02-25T14:56:57.272035
SANGAREDDY,AMEENPUR,AMEENAPUR,OLD VILLAGE AMEENPUR,10200.0,Non-Agriculture,2026-02-25T14:56:57.274040
SANGAREDDY,AMEENPUR,AMEENAPUR,OLD VILLAGE AMEENPUR,10200.0,Non-Agriculture,2026-02-25T14:56:57.274040
SANGAREDDY,AMEENPUR,AMEENAPUR,OLD VILLAGE AMEENPUR,10200.0,Non-Agriculture,2026-02-25T14:56:57.274040
SANGAREDDY,AMEENPUR,AMEENAPUR,OLD VILLAGE AMEENPUR,10200.0,Non-Agriculture,2026-02-25T14:56:57.274040
SANGAREDDY,AMEENPUR,AMEENAPUR,OLD VILLAGE AMEENPUR,10200.0,Non-Agriculture,2026-02-25T14:56:57.274040
SANGAREDDY,AMEENPUR,AMEENAPUR,OLD VILLAGE AMEENPUR,10200.0,Non-Agriculture,2026-02-25T14:56:57.274040
SANGAREDDY,AMEENPUR,AMEENAPUR,OLD VILLAGE AMEENPUR,10200.0,Non-Agriculture,2026-02-25T14:56:57.274040
SANGAREDDY,AMEENPUR,AMEENAPUR,OLD VILLAGE AMEENPUR,10200.0,Non-Agriculture,2026-02-25T14:56:57.274040
SANGAREDDY,AMEENPUR,AMEENAPUR,OLD VILLAGE AMEENPUR,10200.0,Non-Agriculture,2026-02-25T14:56:57.274040
SANGAREDDY,AMEENPUR,AMEENAPUR,OLD VILLAGE AMEENPUR,10200.0,Non-Agriculture,2026-02-25T14:56:57.274040
SANGAREDDY,AMEENPUR,AMEENAPUR,OLD VILLAGE BEERAMGUDA,10200.0,Non-Agriculture,2026-02-25T14:56:57.274040
SANGAREDDY,AMEENPUR,AMEENAPUR,OLD VILLAGE BEERAMGUDA,10200.0,Non-Agriculture,2026-02-25T14:56:57.274040
SANGAREDDY,AMEENPUR,AMEENAPUR,OLD VILLAGE BEERAMGUDA,10200.0,Non-Agriculture,2026-02-25T14:56:57.274040
SANGAREDDY,AMEENPUR,AMEENAPUR,HOUSE SITE,10200.0,Non-Agriculture,2026-02-25T14:56:57.274040
SANGAREDDY,AMEENPUR,AMEENAPUR,HOUSE SITE,10200.0,Non-Agriculture,2026-02-25T14:56:57.274040
SANGAREDDY,AMEENPUR,AMEENAPUR,HOUSE SITE,10200.0,Non-Agriculture,2026-02-25T14:56:57.274040
SANGAREDDY,AMEENPUR,AMEENAPUR,HOUSE SITE,10200.0,Non-Agriculture,2026-02-25T14:56:57.274040
SANGAREDDY,AMEENPUR,AMEENAPUR,HOUSE SITE,10200.0,Non-Agriculture,2026-02-25T14:56:57.274040
SANGAREDDY,AMEENPUR,AMEENAPUR,HOUSE SITE,10200.0,Non-Agriculture,2026-02-25T14:56:57.274040
SANGAREDDY,AMEENPUR,AMEENAPUR,HOUSE SITE,10200.0,Non-Agriculture,2026-02-25T14:56:57.274040
SANGAREDDY,AMEENPUR,AMEENAPUR,HOUSE SITE,10200.0,Non-Agriculture,2026-02-25T14:56:57.274040
SANGAREDDY,AMEENPUR,AMEENAPUR,HOUSE SITE,10200.0,Non-Agriculture,2026-02-25T14:56:57.274040
SANGAREDDY,AMEENPUR,AMEENAPUR,HOUSE SITE,10200.0,Non-Agriculture,2026-02-25T14:56:57.276044
SANGAREDDY,AMEENPUR,AMEENAPUR,HOUSE SITE,10200.0,Non-Agriculture,2026-02-25T14:56:57.276044
SANGAREDDY,AMEENPUR,AMEENAPUR,HOUSE SITE,10200.0,Non-Agriculture,2026-02-25T14:56:57.276044
SANGAREDDY,AMEENPUR,KRISHTAREDDIPET,HOUSE SITE,5300.0,Non-Agriculture,2026-02-25T14:56:58.112118
SANGAREDDY,AMEENPUR,KRISHTAREDDIPET,HOUSE SITE,5300.0,Non-Agriculture,2026-02-25T14:56:58.112118
SANGAREDDY,AMEENPUR,KRISHTAREDDIPET,HOUSE SITE,5300.0,Non-Agriculture,2026-02-25T14:56:58.112118
SANGAREDDY,AMEENPUR,KRISHTAREDDIPET,HOUSE SITE,5300.0,Non-Agriculture,2026-02-25T14:56:58.112118
SANGAREDDY,AMEENPUR,KRISHTAREDDIPET,HOUSE SITE,5300.0,Non-Agriculture,2026-02-25T14:56:58.112118
SANGAREDDY,AMEENPUR,KRISHTAREDDIPET,HOUSE SITE,5300.0,Non-Agriculture,2026-02-25T14:56:58.112118
SANGAREDDY,AMEENPUR,KRISHTAREDDIPET,HOUSE SITE,5300.0,Non-Agriculture,2026-02-25T14:56:58.112118
SANGAREDDY,AMEENPUR,KRISHTAREDDIPET,HOUSE SITE,5300.0,Non-Agriculture,2026-02-25T14:56:58.112118
SANGAREDDY,AMEENPUR,KRISHTAREDDIPET,HOUSE SITE,5300.0,Non-Agriculture,2026-02-25T14:56:58.112118
SANGAREDDY,AMEENPUR,KRISHTAREDDIPET,HOUSE SITE,5300.0,Non-Agriculture,2026-02-25T14:56:58.112118
SANGAREDDY,AMEENPUR,KRISHTAREDDIPET,HOUSE SITE,5300.0,Non-Agriculture,2026-02-25T14:56:58.112118
SANGAREDDY,AMEENPUR,KRISHTAREDDIPET,HOUSE SITE,5300.0,Non-Agriculture,2026-02-25T14:56:58.112118
SANGAREDDY,AMEENPUR,KRISHTAREDDIPET,HOUSE SITE,5300.0,Non-Agriculture,2026-02-25T14:56:58.112118
SANGAREDDY,AMEENPUR,KRISHTAREDDIPET,HOUSE SITE,5300.0,Non-Agriculture,2026-02-25T14:56:58.112118
SANGAREDDY,AMEENPUR,KRISHTAREDDIPET,HOUSE SITE,5300.0,Non-Agriculture,2026-02-25T14:56:58.112118
SANGAREDDY,AMEENPUR,KRISHTAREDDIPET,HOUSE SITE,5300.0,Non-Agriculture,2026-02-25T14:56:58.112118
SANGAREDDY,AMEENPUR,KRISHTAREDDIPET,HOUSE SITE,5300.0,Non-Agriculture,2026-02-25T14:56:58.112118
SANGAREDDY,AMEENPUR,KRISHTAREDDIPET,HOUSE SITE,5300.0,Non-Agriculture,2026-02-25T14:56:58.112118
SANGAREDDY,AMEENPUR,KRISHTAREDDIPET,HOUSE SITE,5300.0,Non-Agriculture,2026-02-25T14:56:58.112118
SANGAREDDY,AMEENPUR,KRISHTAREDDIPET,HOUSE SITE,5300.0,Non-Agriculture,2026-02-25T14:56:58.112118
SANGAREDDY,AMEENPUR,KRISHTAREDDIPET,HOUSE SITE,5300.0,Non-Agriculture,2026-02-25T14:56:58.117164
SANGAREDDY,AMEENPUR,KRISHTAREDDIPET,HOUSE SITE,5300.0,Non-Agriculture,2026-02-25T14:56:58.117164
SANGAREDDY,AMEENPUR,KRISHTAREDDIPET,HOUSE SITE,5300.0,Non-Agriculture,2026-02-25T14:56:58.117164
SANGAREDDY,AMEENPUR,KRISHTAREDDIPET,HOUSE SITE,5300.0,Non-Agriculture,2026-02-25T14:56:58.117164
SANGAREDDY,AMEENPUR,KRISHTAREDDIPET,HOUSE SITE,5300.0,Non-Agriculture,2026-02-25T14:56:58.117164
SANGAREDDY,AMEENPUR,KRISHTAREDDIPET,HOUSE SITE,5300.0,Non-Agriculture,2026-02-25T14:56:58.118223
SANGAREDDY,AMEENPUR,KRISHTAREDDIPET,HOUSE SITE,5300.0,Non-Agriculture,2026-02-25T14:56:58.118223
SANGAREDDY,AMEENPUR,KRISHTAREDDIPET,HOUSE SITE,5300.0,Non-Agriculture,2026-02-25T14:56:58.118223
SANGAREDDY,AMEENPUR,KRISHTAREDDIPET,HOUSE SITE,5300.0,Non-Agriculture,2026-02-25T14:56:58.118223
SANGAREDDY,AMEENPUR,KRISHTAREDDIPET,HOUSE SITE,5300.0,Non-Agriculture,2026-02-25T14:56:58.118223
SANGAREDDY,GUMMADIDALA,ANNARAM,HOUSE SITE,2100.0,Non-Agriculture,2026-02-25T14:57:03.017458
SANGAREDDY,GUMMADIDALA,ANNARAM,HOUSE SITE,3100.0,Non-Agriculture,2026-02-25T14:57:03.017458
SANGAREDDY,GUMMADIDALA,ANNARAM,HOUSE SITE,3100.0,Non-Agriculture,2026-02-25T14:57:03.017458
SANGAREDDY,GUMMADIDALA,ANNARAM,HOUSE SITE,2100.0,Non-Agriculture,2026-02-25T14:57:03.017458
SANGAREDDY,GUMMADIDALA,ANNARAM,HOUSE SITE,2100.0,Non-Agriculture,2026-02-25T14:57:03.017458
SANGAREDDY,GUMMADIDALA,ANNARAM,HOUSE SITE,3100.0,Non-Agriculture,2026-02-25T14:57:03.017458
SANGAREDDY,GUMMADIDALA,ANNARAM,HOUSE SITE,2100.0,Non-Agriculture,2026-02-25T14:57:03.017458
SANGAREDDY,GUMMADIDALA,ANNARAM,HOUSE SITE,3100.0,Non-Agriculture,2026-02-25T14:57:03.017458
SANGAREDDY,GUMMADIDALA,ANNARAM,HOUSE SITE,2100.0,Non-Agriculture,2026-02-25T14:57:03.017458
SANGAREDDY,GUMMADIDALA,ANNARAM,HOUSE SITE,3100.0,Non-Agriculture,2026-02-25T14:57:03.017458
SANGAREDDY,GUMMADIDALA,ANNARAM,HOUSE SITE,3100.0,Non-Agriculture,2026-02-25T14:57:03.017458
SANGAREDDY,GUMMADIDALA,ANNARAM,HOUSE SITE,2100.0,Non-Agriculture,2026-02-25T14:57:03.017458
SANGAREDDY,GUMMADIDALA,ANNARAM,HOUSE SITE,3100.0,Non-Agriculture,2026-02-25T14:57:03.017458
SANGAREDDY,GUMMADIDALA,ANNARAM,HOUSE SITE,3100.0,Non-Agriculture,2026-02-25T14:57:03.023119
SANGAREDDY,GUMMADIDALA,ANNARAM,HOUSE SITE,2100.0,Non-Agriculture,2026-02-25T14:57:03.023119
SANGAREDDY,GUMMADIDALA,ANNARAM,HOUSE SITE,3100.0,Non-Agriculture,2026-02-25T14:57:03.023119
SANGAREDDY,GUMMADIDALA,ANNARAM,HOUSE SITE,2100.0,Non-Agriculture,2026-02-25T14:57:03.023119
SANGAREDDY,GUMMADIDALA,ANNARAM,HOUSE SITE,2100.0,Non-Agriculture,2026-02-25T14:57:03.023119
SANGAREDDY,GUMMADIDALA,ANNARAM,HOUSE SITE,3100.0,Non-Agriculture,2026-02-25T14:57:03.023119
SANGAREDDY,GUMMADIDALA,ANNARAM,HOUSE SITE,2100.0,Non-Agriculture,2026-02-25T14:57:03.023119
SANGAREDDY,GUMMADIDALA,ANTHARAM,HOUSE SITE,2100.0,Non-Agriculture,2026-02-25T14:57:03.533545
SANGAREDDY,GUMMADIDALA,ANTHARAM,HOUSE SITE,2100.0,Non-Agriculture,2026-02-25T14:57:03.533545
SANGAREDDY,GUMMADIDALA,ANTHARAM,HOUSE SITE,2100.0,Non-Agriculture,2026-02-25T14:57:03.533545
SANGAREDDY,GUMMADIDALA,ANTHARAM,HOUSE SITE,2100.0,Non-Agriculture,2026-02-25T14:57:03.533545
SANGAREDDY,GUMMADIDALA,ANTHARAM,HOUSE SITE,2100.0,Non-Agriculture,2026-02-25T14:57:03.533545
SANGAREDDY,GUMMADIDALA,ANTHARAM,HOUSE SITE,2100.0,Non-Agriculture,2026-02-25T14:57:03.533545
SANGAREDDY,GUMMADIDALA,ANTHARAM,HOUSE SITE,2100.0,Non-Agriculture,2026-02-25T14:57:03.533545
SANGAREDDY,GUMMADIDALA,ANTHARAM,HOUSE SITE,2100.0,Non-Agriculture,2026-02-25T14:57:03.533545
SANGAREDDY,GUMMADIDALA,ANTHARAM,HOUSE SITE,2100.0,Non-Agriculture,2026-02-25T14:57:03.533545
SANGAREDDY,GUMMADIDALA,ANTHARAM,HOUSE SITE,2100.0,Non-Agriculture,2026-02-25T14:57:03.543951
SANGAREDDY,GUMMADIDALA,BONTHAPALLE,HYD ROAD SIDE,3100.0,Non-Agriculture,2026-02-25T14:57:04.099357
SANGAREDDY,GUMMADIDALA,BONTHAPALLE,DEVSATHANAM ROAD,2100.0,Non-Agriculture,2026-02-25T14:57:04.099357
SANGAREDDY,GUMMADIDALA,BONTHAPALLE,K V GUDEM JANGAM WADA,2100.0,Non-Agriculture,2026-02-25T14:57:04.099357
SANGAREDDY,GUMMADIDALA,BONTHAPALLE,VEERABHADRA NAGAR COLONY,2100.0,Non-Agriculture,2026-02-25T14:57:04.099357
SANGAREDDY,GUMMADIDALA,BONTHAPALLE,GUNDLA WADA HARIJANWADA KUMMARIWADA,2100.0,Non-Agriculture,2026-02-25T14:57:04.099357
SANGAREDDY,GUMMADIDALA,BONTHAPALLE,B C COLONY HARIJAN WADA,2100.0,Non-Agriculture,2026-02-25T14:57:04.099357
SANGAREDDY,GUMMADIDALA,BONTHAPALLE,HOUSE SITE,2100.0,Non-Agriculture,2026-02-25T14:57:04.099357
SANGAREDDY,GUMMADIDALA,BONTHAPALLE,HOUSE SITE,2100.0,Non-Agriculture,2026-02-25T14:57:04.099357
SANGAREDDY,GUMMADIDALA,BONTHAPALLE,HOUSE SITE,2100.0,Non-Agriculture,2026-02-25T14:57:04.099357
SANGAREDDY,GUMMADIDALA,BONTHAPALLE,B C COLONY HARIJAN WADA,2100.0,Non-Agriculture,2026-02-25T14:57:04.099357
