District,District_Code,Mandal,Mandal_Code,Village,Village_Code
RANGAREDDY,15_1,ABDULLAPURMET,01,ABDULLAPUR,1514034
RANGAREDDY,15_1,ABDULLAPURMET,01,ANAJPUR,1514041
RANGAREDDY,15_1,ABDULLAPURMET,01,BACHARAM,1514010
RANGAREDDY,15_1,ABDULLAPURMET,01,BALJAGUDA,1514015
RANGAREDDY,15_1,ABDULLAPURMET,01,BANDARAVIRYAL,1514012
RANGAREDDY,15_1,ABDULLAPURMET,01,BATASINGARAM,1514036
RANGAREDDY,15_1,ABDULLAPURMET,01,DAIRA,1514011
RANGAREDDY,15_1,ABDULLAPURMET,01,GOWRELLI,1514009
RANGAREDDY,15_1,ABDULLAPURMET,01,GUNTAPALLE,1514040
RANGAREDDY,15_1,ABDULLAPURMET,01,HATHIGUDA,1514003
RANGAREDDY,15_1,ABDULLAPURMET,01,INAMGUDA,1514033
RANGAREDDY,15_1,ABDULLAPURMET,01,INJAPUR,1514023
RANGAREDDY,15_1,ABDULLAPURMET,01,KAWADIPALLE,1514035
RANGAREDDY,15_1,ABDULLAPURMET,01,KOHEDA,1514029
RANGAREDDY,15_1,ABDULLAPURMET,01,KUNTLOOR,1514018
RANGAREDDY,15_1,ABDULLAPURMET,01,LASKERGUDA,1514032
RANGAREDDY,15_1,ABDULLAPURMET,01,MANNEGUDA,1514025
RANGAREDDY,15_1,ABDULLAPURMET,01,MARRIPALLE,1514006
RANGAREDDY,15_1,ABDULLAPURMET,01,MAZIDPUR,1514038
RANGAREDDY,15_1,ABDULLAPURMET,01,MUNGANOOR,1514027
RANGAREDDY,15_1,AMANGAL,02,AKUTHOTAPALLE,1416009
RANGAREDDY,15_1,AMANGAL,02,AMANGAL,1416013
RANGAREDDY,15_1,AMANGAL,02,CHENNAMPALLE,1416014
RANGAREDDY,15_1,AMANGAL,02,KONAPUR,1416010
RANGAREDDY,15_1,AMANGAL,02,POLEPALLE,1416016
RANGAREDDY,15_1,AMANGAL,02,RAMANUTHULA,1416011
RANGAREDDY,15_1,AMANGAL,02,SETTIPALLE,1416008
RANGAREDDY,15_1,AMANGAL,02,SINGAM PALLE,1416015
RANGAREDDY,15_1,AMANGAL,02,VITHAIPALLE,1416012
RANGAREDDY,15_1,BALAPUR,03,ALMASGUDA,1515015
RANGAREDDY,15_1,BALAPUR,03,BADANGPET,1515017
RANGAREDDY,15_1,BALAPUR,03,BALAPUR,1515020
RANGAREDDY,15_1,BALAPUR,03,CHINTALAKUNTA,1515018
RANGAREDDY,15_1,BALAPUR,03,DAWOODKHANGUDA,1515016
RANGAREDDY,15_1,BALAPUR,03,JALPALLE,1515025
RANGAREDDY,15_1,BALAPUR,03,JILLALGUDA,1515012
RANGAREDDY,15_1,BALAPUR,03,KOTHAPET,1515021
RANGAREDDY,15_1,BALAPUR,03,KURMALGUDA,1515028
RANGAREDDY,15_1,BALAPUR,03,MALLAPUR,1515022
RANGAREDDY,15_1,BALAPUR,03,MAMIDIPALLE,1515027
RANGAREDDY,15_1,BALAPUR,03,MEDBOWLI,1515013
RANGAREDDY,15_1,BALAPUR,03,MEERPET,1515014
RANGAREDDY,15_1,BALAPUR,03,NADARGUL,1515029
RANGAREDDY,15_1,BALAPUR,03,PAPAYAKUMANDAN,1515026
RANGAREDDY,15_1,BALAPUR,03,RENUKAPUR,1515023
RANGAREDDY,15_1,BALAPUR,03,VENKATAPUR,1515024
RANGAREDDY,15_1,CHEVELLA,04,ALLAWADA,1518031
RANGAREDDY,15_1,CHEVELLA,04,ALOOR I,1518004
RANGAREDDY,15_1,CHEVELLA,04,ALOOR II,1518005
RANGAREDDY,15_1,CHEVELLA,04,ALOOR III,1518006
RANGAREDDY,15_1,CHEVELLA,04,ANANTAWARAM,1518003
RANGAREDDY,15_1,CHEVELLA,04,BASTEPUR,1518022
RANGAREDDY,15_1,CHEVELLA,04,CHANVELLI,1518029
RANGAREDDY,15_1,CHEVELLA,04,CHEVELLA,1518032
RANGAREDDY,15_1,CHEVELLA,04,DAMERGIDDA,1518021
RANGAREDDY,15_1,CHEVELLA,04,DEVARAMPALLE,1518028
RANGAREDDY,15_1,CHEVELLA,04,DEVUNI ERRAVELLY,1518019
RANGAREDDY,15_1,CHEVELLA,04,EERLAPALLY,1518037
RANGAREDDY,15_1,CHEVELLA,04,GOLLAPALLE,1518015
RANGAREDDY,15_1,CHEVELLA,04,GUNDAL,1518036
RANGAREDDY,15_1,CHEVELLA,04,HASTHEPUR,1518001
RANGAREDDY,15_1,CHEVELLA,04,IBRAHIMPALLE,1518020
RANGAREDDY,15_1,CHEVELLA,04,KAMMETA,1518014
RANGAREDDY,15_1,CHEVELLA,04,KANDUWADA,1518035
RANGAREDDY,15_1,CHEVELLA,04,KESAVARAM,1518033
RANGAREDDY,15_1,CHEVELLA,04,KHANAPUR,1518026
RANGAREDDY,15_1,CHOWDERGUDEM,05,CHALIVENDRAMPALLE,1411035
RANGAREDDY,15_1,CHOWDERGUDEM,05,CHEGIREDDI GHANPUR,1411030
RANGAREDDY,15_1,CHOWDERGUDEM,05,CHENNAREDDIGUDA,1411026
RANGAREDDY,15_1,CHOWDERGUDEM,05,EDIRA,1411037
RANGAREDDY,15_1,CHOWDERGUDEM,05,GUNJALAPAHAD,1411001
RANGAREDDY,15_1,CHOWDERGUDEM,05,GURRAMPALLE,1411028
RANGAREDDY,15_1,CHOWDERGUDEM,05,HAZIPET,1411032
RANGAREDDY,15_1,CHOWDERGUDEM,05,INDRANAGAR,1411023
RANGAREDDY,15_1,CHOWDERGUDEM,05,JAKARAM,1411036
RANGAREDDY,15_1,CHOWDERGUDEM,05,JILLED,1411024
RANGAREDDY,15_1,CHOWDERGUDEM,05,MALKAPAHAD,1411033
RANGAREDDY,15_1,CHOWDERGUDEM,05,PADMARAM,1411025
RANGAREDDY,15_1,CHOWDERGUDEM,05,PEDDA YELKICHERLA,1411031
RANGAREDDY,15_1,CHOWDERGUDEM,05,RAVIRYAL,1411029
RANGAREDDY,15_1,CHOWDERGUDEM,05,THOOMPALLE,1411022
RANGAREDDY,15_1,CHOWDERGUDEM,05,TUMMALAPALLE,1411004
RANGAREDDY,15_1,CHOWDERGUDEM,05,VANAMPALLE,1411002
RANGAREDDY,15_1,CHOWDERGUDEM,05,VEERANNAPETA,1411027
RANGAREDDY,15_1,FAROOQNAGAR,06,ALLISABGUDA,1412006
RANGAREDDY,15_1,FAROOQNAGAR,06,ANNARAM,1412027
RANGAREDDY,15_1,FAROOQNAGAR,06,BHEMARAM,1412023
RANGAREDDY,15_1,FAROOQNAGAR,06,BUCHIGUDA,1412015
RANGAREDDY,15_1,FAROOQNAGAR,06,BURGUL,1412034
RANGAREDDY,15_1,FAROOQNAGAR,06,CHATTANPALLE,1412007
RANGAREDDY,15_1,FAROOQNAGAR,06,CHILKAMARRI (CHELKA),1412028
RANGAREDDY,15_1,FAROOQNAGAR,06,CHINCHOD,1412022
RANGAREDDY,15_1,FAROOQNAGAR,06,CHOWLAPALLE (WEST),1412020
RANGAREDDY,15_1,FAROOQNAGAR,06,DOOSKAL,1412008
RANGAREDDY,15_1,FAROOQNAGAR,06,ELKATTA,1412003
RANGAREDDY,15_1,FAROOQNAGAR,06,FAROOQNAGAR (U.A),1412004
RANGAREDDY,15_1,FAROOQNAGAR,06,GANTLAVELLI,1412030
RANGAREDDY,15_1,FAROOQNAGAR,06,GUNDLAKUNTA,1412018
RANGAREDDY,15_1,FAROOQNAGAR,06,HAJIPALLE,1412017
RANGAREDDY,15_1,FAROOQNAGAR,06,JAGAMMAGUDA,1412026
RANGAREDDY,15_1,FAROOQNAGAR,06,KAMMADANAM,1412029
RANGAREDDY,15_1,FAROOQNAGAR,06,KAMSANPALLE,1412024
RANGAREDDY,15_1,FAROOQNAGAR,06,KANDIVANAM,1412021
RANGAREDDY,15_1,FAROOQNAGAR,06,KANGAGUDA,1412012
RANGAREDDY,15_1,GANDIPET,07,ALIZAPUR,1516013
RANGAREDDY,15_1,GANDIPET,07,BAIRAGIGUDA,1516016
RANGAREDDY,15_1,GANDIPET,07,BANDLAGUDA  (JAGIR),1516024
RANGAREDDY,15_1,GANDIPET,07,GANDAMGUDA,1516017
RANGAREDDY,15_1,GANDIPET,07,GANDIPET,1516005
RANGAREDDY,15_1,GANDIPET,07,GUNGURTHY,1516001
RANGAREDDY,15_1,GANDIPET,07,HIMAYATHSAGAR,1516026
RANGAREDDY,15_1,GANDIPET,07,HYDERSHAKOTI,1516018
RANGAREDDY,15_1,GANDIPET,07,JANIBEGUM,1516023
RANGAREDDY,15_1,GANDIPET,07,KHANAPUR,1516002
RANGAREDDY,15_1,GANDIPET,07,KISMATPUR,1516027
RANGAREDDY,15_1,GANDIPET,07,KOKAPET,1516004
RANGAREDDY,15_1,GANDIPET,07,MANCHIREVULA,1516015
RANGAREDDY,15_1,GANDIPET,07,MANIKONDA (JAGIR),1516010
RANGAREDDY,15_1,GANDIPET,07,MANIKONDA (KHALSA),1516009
RANGAREDDY,15_1,GANDIPET,07,MAQTHA KOUSARALI,1516008
RANGAREDDY,15_1,GANDIPET,07,NARSINGI,1516006
RANGAREDDY,15_1,GANDIPET,07,NEKNAMPUR,1516014
RANGAREDDY,15_1,GANDIPET,07,PEERAMCHERU,1516025
RANGAREDDY,15_1,GANDIPET,07,POKKALWADA,1516011
RANGAREDDY,15_1,HAYATHNAGAR,08,HAYATHNAGAR  (KHALSA),1514019
RANGAREDDY,15_1,HAYATHNAGAR,08,HAYATHNAGAR (BAGATH),1514002
RANGAREDDY,15_1,HAYATHNAGAR,08,HAYATHNAGAR AMANGAL,1514022
RANGAREDDY,15_1,HAYATHNAGAR,08,KALVANCHA,1514020
RANGAREDDY,15_1,HAYATHNAGAR,08,SAHEBNAGAR (KALAN),1514021
RANGAREDDY,15_1,HAYATHNAGAR,08,SAHEBNAGAR (KHURD),1514001
RANGAREDDY,15_1,IBRAHIMPATNAM,09,ADIBATLA,1534002
RANGAREDDY,15_1,IBRAHIMPATNAM,09,ALIMIYAKUNTA,1534017
RANGAREDDY,15_1,IBRAHIMPATNAM,09,BONGLOOR,1534003
RANGAREDDY,15_1,IBRAHIMPATNAM,09,CHINTAPALLEGUDA,1534004
RANGAREDDY,15_1,IBRAHIMPATNAM,09,DANDUMAILARAM,1534011
RANGAREDDY,15_1,IBRAHIMPATNAM,09,FEROZGUDA,1534020
RANGAREDDY,15_1,IBRAHIMPATNAM,09,IBRAHIMPATAM (KHALSA),1534007
RANGAREDDY,15_1,IBRAHIMPATNAM,09,IBRAHIMPATNAM (BAGATH),1534018
RANGAREDDY,15_1,IBRAHIMPATNAM,09,ISMAILSHAPAMPU,1534006
RANGAREDDY,15_1,IBRAHIMPATNAM,09,KAPPAPAHAD,1534027
RANGAREDDY,15_1,IBRAHIMPATNAM,09,KHANAPUR,1535001
RANGAREDDY,15_1,IBRAHIMPATNAM,09,KONGARA KALAN,1534001
RANGAREDDY,15_1,IBRAHIMPATNAM,09,MANGALPALLE,1534019
RANGAREDDY,15_1,IBRAHIMPATNAM,09,MUKNOOR,1534012
RANGAREDDY,15_1,IBRAHIMPATNAM,09,NAGANPALLE,1534008
RANGAREDDY,15_1,IBRAHIMPATNAM,09,NARREPALLE,1534010
RANGAREDDY,15_1,IBRAHIMPATNAM,09,POCHARAM,1534022
RANGAREDDY,15_1,IBRAHIMPATNAM,09,POLKAMPALLE,1534009
RANGAREDDY,15_1,IBRAHIMPATNAM,09,RAINGUDA,1534013
RANGAREDDY,15_1,IBRAHIMPATNAM,09,RAIPOLE,1534015
RANGAREDDY,15_1,KADTHAL,10,CHELLAMPALLE,1415010
RANGAREDDY,15_1,KADTHAL,10,CHERIKONDA(P.KURTY),1416007
RANGAREDDY,15_1,KADTHAL,10,CHERIKONDA(PATTIPADKAL),1416006
RANGAREDDY,15_1,KADTHAL,10,EKRAJGUDA,1416004
RANGAREDDY,15_1,KADTHAL,10,KADTHAL,1416003
RANGAREDDY,15_1,KADTHAL,10,KARKALPAHAD,1416002
RANGAREDDY,15_1,KADTHAL,10,MAKTHAMADHARAM,1415004
RANGAREDDY,15_1,KADTHAL,10,MUDWIN,1416005
RANGAREDDY,15_1,KADTHAL,10,NAGIREDDIGUDA,1415008
RANGAREDDY,15_1,KADTHAL,10,NYAMATHAPUR,1415007
RANGAREDDY,15_1,KADTHAL,10,RAVICHEDU,1415005
RANGAREDDY,15_1,KADTHAL,10,SALARPUR,1415011
RANGAREDDY,15_1,KADTHAL,10,TAKRAJGUDA,1415006
RANGAREDDY,15_1,KADTHAL,10,VAMPUGUDA,1415009
RANGAREDDY,15_1,KADTHAL,10,VASUDEVAPUR,1416001
MEDCHAL-MALKAJGIRI,15_2,ALWAL,01,AKBARJHA,1510006
MEDCHAL-MALKAJGIRI,15_2,ALWAL,01,ALWAL (M),1510003
MEDCHAL-MALKAJGIRI,15_2,ALWAL,01,DAMMAIGUDA,1510002
MEDCHAL-MALKAJGIRI,15_2,ALWAL,01,FARZANDGUDA,1510005
MEDCHAL-MALKAJGIRI,15_2,ALWAL,01,KOWKUR,1510008
MEDCHAL-MALKAJGIRI,15_2,ALWAL,01,LOTHKUNTA,1510001
MEDCHAL-MALKAJGIRI,15_2,ALWAL,01,MACHA BOLARAM,1510004
MEDCHAL-MALKAJGIRI,15_2,ALWAL,01,MAHADEVPUR,1510009
MEDCHAL-MALKAJGIRI,15_2,ALWAL,01,TURKAPALLE,1510007
MEDCHAL-MALKAJGIRI,15_2,ALWAL,01,YAPRAL,1510010
MEDCHAL-MALKAJGIRI,15_2,BACHUPALLY,02,BACHPALLE,1507010
MEDCHAL-MALKAJGIRI,15_2,BACHUPALLY,02,NIZAMPET,1507011
MEDCHAL-MALKAJGIRI,15_2,BALANAGAR,03,BALANAGAR,1506009
MEDCHAL-MALKAJGIRI,15_2,BALANAGAR,03,BEGUMPET PAIGAH,1506011
MEDCHAL-MALKAJGIRI,15_2,BALANAGAR,03,BOBBUGUDA,1506006
MEDCHAL-MALKAJGIRI,15_2,BALANAGAR,03,BOWENPALLE,1506013
MEDCHAL-MALKAJGIRI,15_2,BALANAGAR,03,FATEHNAGAR,1506010
MEDCHAL-MALKAJGIRI,15_2,BALANAGAR,03,FEROZGUDA,1506012
MEDCHAL-MALKAJGIRI,15_2,BALANAGAR,03,HASHMATHPET,1506014
MEDCHAL-MALKAJGIRI,15_2,BALANAGAR,03,JINKALWADA,1506008
MEDCHAL-MALKAJGIRI,15_2,DUNDIGAL GANDIMAISAMMA,04,BAHADURPALLE,1507005
MEDCHAL-MALKAJGIRI,15_2,DUNDIGAL GANDIMAISAMMA,04,BOWRAMPET,1507007
MEDCHAL-MALKAJGIRI,15_2,DUNDIGAL GANDIMAISAMMA,04,DOMMARA POCHAMPALLE,1507004
MEDCHAL-MALKAJGIRI,15_2,DUNDIGAL GANDIMAISAMMA,04,DULAPALLE,1507016
MEDCHAL-MALKAJGIRI,15_2,DUNDIGAL GANDIMAISAMMA,04,DUNDIGAL,1507003
MEDCHAL-MALKAJGIRI,15_2,DUNDIGAL GANDIMAISAMMA,04,GAGILAPUR,1507001
MEDCHAL-MALKAJGIRI,15_2,DUNDIGAL GANDIMAISAMMA,04,KOMPALLE,1507017
MEDCHAL-MALKAJGIRI,15_2,DUNDIGAL GANDIMAISAMMA,04,MALLAMPET,1507009
MEDCHAL-MALKAJGIRI,15_2,DUNDIGAL GANDIMAISAMMA,04,NAGLUR,1507002
MEDCHAL-MALKAJGIRI,15_2,DUNDIGAL GANDIMAISAMMA,04,SAMBHUPUR,1507008
MEDCHAL-MALKAJGIRI,15_2,GHATKESAR,05,ANKUSHAPUR,1512010
MEDCHAL-MALKAJGIRI,15_2,GHATKESAR,05,ANNOJIGUDA,1512012
MEDCHAL-MALKAJGIRI,15_2,GHATKESAR,05,AUSHAPUR,1512009
MEDCHAL-MALKAJGIRI,15_2,GHATKESAR,05,BADESAHEBGUDA,1512019
MEDCHAL-MALKAJGIRI,15_2,GHATKESAR,05,EDULABAD,1512020
MEDCHAL-MALKAJGIRI,15_2,GHATKESAR,05,GHATKESAR (P),1512011
MEDCHAL-MALKAJGIRI,15_2,GHATKESAR,05,ISMAILKHANGUDA,1512006
MEDCHAL-MALKAJGIRI,15_2,GHATKESAR,05,KACHWANISINGARAM,1512015
MEDCHAL-MALKAJGIRI,15_2,GHATKESAR,05,KONDAPUR,1512008
MEDCHAL-MALKAJGIRI,15_2,GHATKESAR,05,KORREMUL,1512018
MEDCHAL-MALKAJGIRI,15_2,GHATKESAR,05,MADHARAM,1512021
MEDCHAL-MALKAJGIRI,15_2,GHATKESAR,05,MAJARGUDA,1512013
MEDCHAL-MALKAJGIRI,15_2,GHATKESAR,05,MARRIPALLYGUDA,1512029
MEDCHAL-MALKAJGIRI,15_2,GHATKESAR,05,MUTHAWALLIGUDA,1512016
MEDCHAL-MALKAJGIRI,15_2,GHATKESAR,05,NAREPALLE,1512014
MEDCHAL-MALKAJGIRI,15_2,GHATKESAR,05,PADAMATISAIGUDA,1512007
MEDCHAL-MALKAJGIRI,15_2,GHATKESAR,05,POCHARAM,1512004
MEDCHAL-MALKAJGIRI,15_2,GHATKESAR,05,PRATHAPSINGARAM,1512017
MEDCHAL-MALKAJGIRI,15_2,GHATKESAR,05,YAMNAMPET,1512005
MEDCHAL-MALKAJGIRI,15_2,KAPRA,06,CHERLAPALLE,1512002
MEDCHAL-MALKAJGIRI,15_2,KAPRA,06,JAWAHARNAGAR,1509030
MEDCHAL-MALKAJGIRI,15_2,KAPRA,06,KHAPRA (M),1511012
MEDCHAL-MALKAJGIRI,15_2,KEESARA,07,AHMADGUDA,1511013
MEDCHAL-MALKAJGIRI,15_2,KEESARA,07,ANKIREDDYPALLY,1511018
MEDCHAL-MALKAJGIRI,15_2,KEESARA,07,BOGARAM,1511016
MEDCHAL-MALKAJGIRI,15_2,KEESARA,07,BOGARAM MAKTHA,1511020
MEDCHAL-MALKAJGIRI,15_2,KEESARA,07,CHEERIYAL,1511008
MEDCHAL-MALKAJGIRI,15_2,KEESARA,07,DAMMAIGUDA,1511019
MEDCHAL-MALKAJGIRI,15_2,KEESARA,07,DHARMAVARAM,1511002
MEDCHAL-MALKAJGIRI,15_2,KEESARA,07,GODMAKUNTA,1511014
MEDCHAL-MALKAJGIRI,15_2,KEESARA,07,HARIDASPALLE,1511007
MEDCHAL-MALKAJGIRI,15_2,KEESARA,07,KEESARA,1511005
MEDCHAL-MALKAJGIRI,15_2,KEESARA,07,KEESARA DAIRA,1511009
MEDCHAL-MALKAJGIRI,15_2,KEESARA,07,KUNDANPALLE,1511010
MEDCHAL-MALKAJGIRI,15_2,KEESARA,07,NAGARAM,1511011
MEDCHAL-MALKAJGIRI,15_2,KEESARA,07,NARSAMPALLE,1511003
MEDCHAL-MALKAJGIRI,15_2,KEESARA,07,RAMPALLE,1511015
MEDCHAL-MALKAJGIRI,15_2,KEESARA,07,RAMPALLY DAYARA,1511017
MEDCHAL-MALKAJGIRI,15_2,KEESARA,07,THIMMAIPALLE,1511001
MEDCHAL-MALKAJGIRI,15_2,KEESARA,07,YADGARPALLE (EAST),1511006
MEDCHAL-MALKAJGIRI,15_2,KEESARA,07,YADGARPALLE (WEST),1511004
MEDCHAL-MALKAJGIRI,15_2,KUKATPALLY,08,ALLAPUR,1506005
MEDCHAL-MALKAJGIRI,15_2,KUKATPALLY,08,BHAGAMEERI,1506003
MEDCHAL-MALKAJGIRI,15_2,KUKATPALLY,08,HYDERNAGAR,1506001
MEDCHAL-MALKAJGIRI,15_2,KUKATPALLY,08,KUKATPALLE (M),1506004
MEDCHAL-MALKAJGIRI,15_2,KUKATPALLY,08,MOOSAPET,1506007
MEDCHAL-MALKAJGIRI,15_2,KUKATPALLY,08,SHAMSHIGUDA,1506002
MEDCHAL-MALKAJGIRI,15_2,MALKAJGIRI,09,AMMUGUDA,1510011
MEDCHAL-MALKAJGIRI,15_2,MALKAJGIRI,09,MALKAJGIRI (M),1510012
MEDCHAL-MALKAJGIRI,15_2,MEDCHAL,10,AKBARJAPET,1508011
MEDCHAL-MALKAJGIRI,15_2,MEDCHAL,10,ATEVELLE,1508012
MEDCHAL-MALKAJGIRI,15_2,MEDCHAL,10,BANDA MADHARAM,1508014
MEDCHAL-MALKAJGIRI,15_2,MEDCHAL,10,BANDAKUNTA,1508016
MEDCHAL-MALKAJGIRI,15_2,MEDCHAL,10,DABIRPUR,1508013
MEDCHAL-MALKAJGIRI,15_2,MEDCHAL,10,GHANPUR,1508023
MEDCHAL-MALKAJGIRI,15_2,MEDCHAL,10,GIRMAPUR,1508018
MEDCHAL-MALKAJGIRI,15_2,MEDCHAL,10,GOSAIGUDA,1508024
MEDCHAL-MALKAJGIRI,15_2,MEDCHAL,10,GOUDAVELLE,1508019
MEDCHAL-MALKAJGIRI,15_2,MEDCHAL,10,KANDLAKOI,1508027
MEDCHAL-MALKAJGIRI,15_2,MEDCHAL,10,KAZIGUDA,1508029
MEDCHAL-MALKAJGIRI,15_2,MEDCHAL,10,KONAIPALLE,1508004
MEDCHAL-MALKAJGIRI,15_2,MEDCHAL,10,MAISIREDDIPALLE,1508003
MEDCHAL-MALKAJGIRI,15_2,MEDCHAL,10,MEDCHAL,1508020
MEDCHAL-MALKAJGIRI,15_2,MEDCHAL,10,MUNIRABAD,1508025
MEDCHAL-MALKAJGIRI,15_2,MEDCHAL,10,NUTHANKAL,1508002
MEDCHAL-MALKAJGIRI,15_2,MEDCHAL,10,POCHAMPALLE,1508028
MEDCHAL-MALKAJGIRI,15_2,MEDCHAL,10,PUDOOR,1508021
MEDCHAL-MALKAJGIRI,15_2,MEDCHAL,10,RAILAPUR,1508017
MEDCHAL-MALKAJGIRI,15_2,MEDCHAL,10,RAJ BOLLARAM,1508022
SANGAREDDY,17_2,AMEENPUR,01,AMEENAPUR,1737026
SANGAREDDY,17_2,AMEENPUR,01,ILAPUR,1737025
SANGAREDDY,17_2,AMEENPUR,01,KRISHTAREDDIPET,1737007
SANGAREDDY,17_2,AMEENPUR,01,PATELGUDA,1737024
SANGAREDDY,17_2,AMEENPUR,01,RENDLAGADDA,1737023
SANGAREDDY,17_2,AMEENPUR,01,SULTANPUR,1737006
SANGAREDDY,17_2,AMEENPUR,01,WADAKPALLE,1737005
SANGAREDDY,17_2,ANDOLE,02,AKSANPALLE,1726015
SANGAREDDY,17_2,ANDOLE,02,ALMAIPET,1726024
SANGAREDDY,17_2,ANDOLE,02,ANANTHASAGAR,1726010
SANGAREDDY,17_2,ANDOLE,02,ANDOLE,1726022
SANGAREDDY,17_2,ANDOLE,02,BRAHMANPALLE,1726014
SANGAREDDY,17_2,ANDOLE,02,CHINTAKUNTA,1726006
SANGAREDDY,17_2,ANDOLE,02,DAKOOR,1726019
SANGAREDDY,17_2,ANDOLE,02,DANAMPALLE,1726011
SANGAREDDY,17_2,ANDOLE,02,JOGIPET,1726020
SANGAREDDY,17_2,ANDOLE,02,KANSANPALLE,1726003
SANGAREDDY,17_2,ANDOLE,02,KICHANAPALLE,1726005
SANGAREDDY,17_2,ANDOLE,02,KODEKAL,1726017
SANGAREDDY,17_2,ANDOLE,02,KONDAREDDIPALLE,1726027
SANGAREDDY,17_2,ANDOLE,02,MANSANPALLE,1726008
SANGAREDDY,17_2,ANDOLE,02,MASANPALLY,1726029
SANGAREDDY,17_2,ANDOLE,02,NADLAPUR,1726018
SANGAREDDY,17_2,ANDOLE,02,NEERDIGUNTA,1726013
SANGAREDDY,17_2,ANDOLE,02,POSANIPET,1726009
SANGAREDDY,17_2,ANDOLE,02,POTHAREDDIPALLE,1726026
SANGAREDDY,17_2,ANDOLE,02,RAMSANPALLE,1726004
SANGAREDDY,17_2,CHOWTAKUR,27,CHAKRIYAL,1733028
SANGAREDDY,17_2,CHOWTAKUR,27,CHOUTKUR,1733015
SANGAREDDY,17_2,CHOWTAKUR,27,GANGOJIPET,1733027
SANGAREDDY,17_2,CHOWTAKUR,27,KORPOLE,1733023
SANGAREDDY,17_2,CHOWTAKUR,27,LINGAMPALLE,1733024
SANGAREDDY,17_2,CHOWTAKUR,27,POSANIPALLE,1733014
SANGAREDDY,17_2,CHOWTAKUR,27,SARAFPALLE,1733022
SANGAREDDY,17_2,CHOWTAKUR,27,SERIRAMREDDIGUDA,1733020
SANGAREDDY,17_2,CHOWTAKUR,27,SIVAMPET,1733029
SANGAREDDY,17_2,CHOWTAKUR,27,SULTANPUR,1733021
SANGAREDDY,17_2,CHOWTAKUR,27,TADDANPALLE,1733026
SANGAREDDY,17_2,CHOWTAKUR,27,VENDIKOLE,1733030
SANGAREDDY,17_2,CHOWTAKUR,27,VENKATAKISTAPUR @ ANGAD,1733025
SANGAREDDY,17_2,GUMMADIDALA,03,ANNARAM,1739013
SANGAREDDY,17_2,GUMMADIDALA,03,ANTHARAM,1739006
SANGAREDDY,17_2,GUMMADIDALA,03,BONTHAPALLE,1739010
SANGAREDDY,17_2,GUMMADIDALA,03,DACHARAM,1739008
SANGAREDDY,17_2,GUMMADIDALA,03,DOMADUGU,1739011
SANGAREDDY,17_2,GUMMADIDALA,03,GUMMADIDALA,1739009
SANGAREDDY,17_2,GUMMADIDALA,03,KANKUNTA,1739007
SANGAREDDY,17_2,GUMMADIDALA,03,KOTHAPALLE,1739002
SANGAREDDY,17_2,GUMMADIDALA,03,LAKSHMAPUR,1739001
SANGAREDDY,17_2,GUMMADIDALA,03,MANDAPUR,1739005
SANGAREDDY,17_2,GUMMADIDALA,03,NALLAPALLE,1739004
SANGAREDDY,17_2,GUMMADIDALA,03,PYARANAGAR,1739003
SANGAREDDY,17_2,HATHNOOR,04,AKWANCHAGUDA,1740033
SANGAREDDY,17_2,HATHNOOR,04,BORPATLA,1740021
SANGAREDDY,17_2,HATHNOOR,04,CHANDAPUR,1740024
SANGAREDDY,17_2,HATHNOOR,04,CHEEKUMADDUR,1740004
SANGAREDDY,17_2,HATHNOOR,04,CHINTALCHERU,1740027
SANGAREDDY,17_2,HATHNOOR,04,DEVALPALLE,1740013
SANGAREDDY,17_2,HATHNOOR,04,DOULTABAD @ KOTHAPET,1740014
SANGAREDDY,17_2,HATHNOOR,04,GOVINDARAJUPALLE,1740008
SANGAREDDY,17_2,HATHNOOR,04,GUNDLA MACHANUR,1740023
SANGAREDDY,17_2,HATHNOOR,04,HATHNOORA,1740011
SANGAREDDY,17_2,HATHNOOR,04,KASAL,1740012
SANGAREDDY,17_2,HATHNOOR,04,KODAPAK,1740029
SANGAREDDY,17_2,HATHNOOR,04,KONIYAL,1740005
SANGAREDDY,17_2,HATHNOOR,04,LINGAPUR,1740003
SANGAREDDY,17_2,HATHNOOR,04,MACHERLA,1740017
SANGAREDDY,17_2,HATHNOOR,04,MADHURA @ MADHARAM,1740007
SANGAREDDY,17_2,HATHNOOR,04,MALKAPUR,1740019
SANGAREDDY,17_2,HATHNOOR,04,MANGAPUR,1740015
SANGAREDDY,17_2,HATHNOOR,04,NAGARAM,1740030
SANGAREDDY,17_2,HATHNOOR,04,NAGULDEVPALLE,1740009
SANGAREDDY,17_2,JHARASANGAM,05,ANANTHASAGAR,1729035
SANGAREDDY,17_2,JHARASANGAM,05,BARDIPUR,1729014
SANGAREDDY,17_2,JHARASANGAM,05,BIDEKANNA,1729031
SANGAREDDY,17_2,JHARASANGAM,05,BOPANPALLE,1729017
SANGAREDDY,17_2,JHARASANGAM,05,BOREGAON,1729018
SANGAREDDY,17_2,JHARASANGAM,05,CHILEMAMIDI,1729024
SANGAREDDY,17_2,JHARASANGAM,05,CHILEPALLE,1729011
SANGAREDDY,17_2,JHARASANGAM,05,CHILKEPALLE,1729034
SANGAREDDY,17_2,JHARASANGAM,05,DEVARAMPALLE,1729025
SANGAREDDY,17_2,JHARASANGAM,05,EDAKULAPALLE,1729023
SANGAREDDY,17_2,JHARASANGAM,05,EDULAPALLE,1729032
SANGAREDDY,17_2,JHARASANGAM,05,GANGAPUR,1729003
SANGAREDDY,17_2,JHARASANGAM,05,GINIAMARPALLE,1729019
SANGAREDDY,17_2,JHARASANGAM,05,GINIYARPALLE,1729033
SANGAREDDY,17_2,JHARASANGAM,05,ISLAMPUR,1729022
SANGAREDDY,17_2,JHARASANGAM,05,JEERLAPALLE,1729020
SANGAREDDY,17_2,JHARASANGAM,05,JHARASANGAM,1729016
SANGAREDDY,17_2,JHARASANGAM,05,JUNEGAON,1729021
SANGAREDDY,17_2,JHARASANGAM,05,KAKKERWADA,1729010
SANGAREDDY,17_2,JHARASANGAM,05,KAMALPALLE,1729007
SANGAREDDY,17_2,JINNARAM,06,AMDOOR,1739020
SANGAREDDY,17_2,JINNARAM,06,BOLLARAM,1739029
SANGAREDDY,17_2,JINNARAM,06,CHETLAPOTHARAM,1739027
SANGAREDDY,17_2,JINNARAM,06,GADDIPOTHARAM,1739012
SANGAREDDY,17_2,JINNARAM,06,JINNARAM,1739015
SANGAREDDY,17_2,JINNARAM,06,KHAZIPALLE,1739028
SANGAREDDY,17_2,JINNARAM,06,KISTAIPALLE,1739026
SANGAREDDY,17_2,JINNARAM,06,KODAKANCHI,1739022
SANGAREDDY,17_2,JINNARAM,06,KORLAKUNTA,1739030
SANGAREDDY,17_2,JINNARAM,06,MADHARAM,1739025
SANGAREDDY,17_2,JINNARAM,06,MANGAMPET,1739017
SANGAREDDY,17_2,JINNARAM,06,NALTHUR,1739024
SANGAREDDY,17_2,JINNARAM,06,OOTLA,1739018
SANGAREDDY,17_2,JINNARAM,06,PALEM,1739016
SANGAREDDY,17_2,JINNARAM,06,PUTTAGUDA,1739023
SANGAREDDY,17_2,JINNARAM,06,SIVANAGAR,1739021
SANGAREDDY,17_2,JINNARAM,06,SOLAKPALLE,1739019
SANGAREDDY,17_2,JINNARAM,06,VAILAL,1739014
SANGAREDDY,17_2,KALHER,07,BACHEPALLE,1703014
SANGAREDDY,17_2,KALHER,07,BIBIPET,1703005
SANGAREDDY,17_2,KALHER,07,FATHEPOOR,1703006
SANGAREDDY,17_2,KALHER,07,KALHER,1703009
SANGAREDDY,17_2,KALHER,07,KHANAPOOR [B],1703012
SANGAREDDY,17_2,KALHER,07,KHANAPUR[KADEEM],1703017
SANGAREDDY,17_2,KALHER,07,KRISHNAPOOR,1703008
SANGAREDDY,17_2,KALHER,07,MAHADEV PALLE,1703011
SANGAREDDY,17_2,KALHER,07,MALHARPOOR,1703025
SANGAREDDY,17_2,KALHER,07,MARDI,1703007
SANGAREDDY,17_2,KALHER,07,MASAN PALLE,1703010
SANGAREDDY,17_2,KALHER,07,MEERKHANPET,1703015
SANGAREDDY,17_2,KALHER,07,MUNGEPALLE,1703024
SANGAREDDY,17_2,KALHER,07,NAGDHAR,1703023
SANGAREDDY,17_2,KALHER,07,RAMREDDI PET,1703013
SANGAREDDY,17_2,KALHER,07,RAPARTHY,1703016
SANGAREDDY,17_2,KANDI,08,ARUTLA,1736010
SANGAREDDY,17_2,KANDI,08,BYATHOLE,1736012
SANGAREDDY,17_2,KANDI,08,CHERIYAL,1736025
SANGAREDDY,17_2,KANDI,08,CHIDRUPPA,1736011
SANGAREDDY,17_2,KANDI,08,EDDUMAILARAM,1736027
SANGAREDDY,17_2,KANDI,08,ERDANOOR,1736013
SANGAREDDY,17_2,KANDI,08,INDRAKARAN,1736026
SANGAREDDY,17_2,KANDI,08,JULKAL,1736028
SANGAREDDY,17_2,KANDI,08,KALVEMULA,1736023
SANGAREDDY,17_2,KANDI,08,KANDI,1736016
SANGAREDDY,17_2,KANDI,08,KASIPUR,1736024
SANGAREDDY,17_2,KANDI,08,KOULAMPET,1736015
SANGAREDDY,17_2,KANDI,08,MAKTHAALLOOR,1736022
SANGAREDDY,17_2,KANDI,08,MAMIDIPALLE,1736014
SANGAREDDY,17_2,KANDI,08,TOPGONDA,1736029
SANGAREDDY,17_2,KANDI,08,UTHARPALLE,1736021
SANGAREDDY,17_2,KANGTI,09,BBHEEMRA,1702014
SANGAREDDY,17_2,KANGTI,09,BHANSWADA,1702019
SANGAREDDY,17_2,KANGTI,09,BHEEMRA,1702034
SANGAREDDY,17_2,KANGTI,09,BORGI,1702003
SANGAREDDY,17_2,KANGTI,09,CHAPTA [B],1702004
SANGAREDDY,17_2,KANGTI,09,CHAPTA [KHURD],1702012
SANGAREDDY,17_2,KANGTI,09,CHOWKANPALLE,1702002
SANGAREDDY,17_2,KANGTI,09,DAMARAGIDDI [PANCHAMAHA,1702020
SANGAREDDY,17_2,KANGTI,09,DEGULAWADI,1702001
SANGAREDDY,17_2,KANGTI,09,ENKEMORI,1702028
SANGAREDDY,17_2,KANGTI,09,GAJULPAHAD,1702017
SANGAREDDY,17_2,KANGTI,09,GHANPUR,1702005
SANGAREDDY,17_2,KANGTI,09,JAMGIBURG,1702007
SANGAREDDY,17_2,KANGTI,09,JAMGIKHURD,1702006
SANGAREDDY,17_2,KANGTI,09,KANGTI,1702013
SANGAREDDY,17_2,KANGTI,09,MURKUNJAL,1702011
SANGAREDDY,17_2,KANGTI,09,NAGANPALLE,1702022
SANGAREDDY,17_2,KANGTI,09,NAGOOR [B],1702025
SANGAREDDY,17_2,KANGTI,09,NAGOOR [K],1702026
SANGAREDDY,17_2,KANGTI,09,RAMATHIRATH,1702024
NALGONDA,23_1,ADAVIDEVULAPALLY,01,Adavi devula palli,2350004
NALGONDA,23_1,ADAVIDEVULAPALLY,01,Baleen palli,2350002
NALGONDA,23_1,ADAVIDEVULAPALLY,01,Chityala,2350003
NALGONDA,23_1,ADAVIDEVULAPALLY,01,Mudimanikam,2350014
NALGONDA,23_1,ADAVIDEVULAPALLY,01,Mulka charla,2350001
NALGONDA,23_1,ADAVIDEVULAPALLY,01,Ulshaya palem,2350005
NALGONDA,23_1,ANUMULA,02,Ambatpalli,2351011
NALGONDA,23_1,ANUMULA,02,Annaram,2351004
NALGONDA,23_1,ANUMULA,02,Anumula,2351015
NALGONDA,23_1,ANUMULA,02,Ibrahim peta,2351017
NALGONDA,23_1,ANUMULA,02,Kosalamarri,2351001
NALGONDA,23_1,ANUMULA,02,Kothapalli,2351021
NALGONDA,23_1,ANUMULA,02,Kummarikunta kalva,2351006
NALGONDA,23_1,ANUMULA,02,Kupaspalli,2351010
NALGONDA,23_1,ANUMULA,02,Marepalli,2351005
NALGONDA,23_1,ANUMULA,02,Mukkamala,2351002
NALGONDA,23_1,ANUMULA,02,Narayana puram,2351008
NALGONDA,23_1,ANUMULA,02,Palem,2351016
NALGONDA,23_1,ANUMULA,02,Perur,2351018
NALGONDA,23_1,ANUMULA,02,Pulimamidi,2351007
NALGONDA,23_1,ANUMULA,02,Ramadugu,2351013
NALGONDA,23_1,ANUMULA,02,Sreenadhapur,2351012
NALGONDA,23_1,ANUMULA,02,Thimmapur,2351014
NALGONDA,23_1,ANUMULA,02,Venkatadri palem,2351003
NALGONDA,23_1,ANUMULA,02,Yacharam,2351009
NALGONDA,23_1,CHANDAMPETA,03,ACHAMPET (P) CHANDAMPET,2359003
NALGONDA,23_1,CHANDAMPETA,03,BOLLARAMPATTI(MUNAGALA),2359016
NALGONDA,23_1,CHANDAMPETA,03,CHANDAMPET,2359004
NALGONDA,23_1,CHANDAMPETA,03,CHITRIYALA,2359013
NALGONDA,23_1,CHANDAMPETA,03,GAGILLAPUR,2359006
NALGONDA,23_1,CHANDAMPETA,03,GUNTI PALLI,2359001
NALGONDA,23_1,CHANDAMPETA,03,KAMBALA PALLI,2359021
NALGONDA,23_1,CHANDAMPETA,03,MUDUDONDLA,2359002
NALGONDA,23_1,CHANDAMPETA,03,MURPUNUTHALA,2359014
NALGONDA,23_1,CHANDAMPETA,03,POGILLA,2359023
NALGONDA,23_1,CHANDAMPETA,03,POLE PALLI,2359005
NALGONDA,23_1,CHANDAMPETA,03,REKULA GADDA,2359017
NALGONDA,23_1,CHANDAMPETA,03,REKULA VALYAM,2359022
NALGONDA,23_1,CHANDAMPETA,03,THELDEVARA PALLI,2359015
NALGONDA,23_1,CHANDAMPETA,03,YALMALA MANDA,2359020
NALGONDA,23_1,CHANDUR,04,ANGADIPETA,2338012
NALGONDA,23_1,CHANDUR,04,BANGARIGADDA,2338011
NALGONDA,23_1,CHANDUR,04,BODANGI PARTHY,2338005
NALGONDA,23_1,CHANDUR,04,CHANDUR,2338013
NALGONDA,23_1,CHANDUR,04,Chamala palli,2355007
NALGONDA,23_1,CHANDUR,04,DONIPAMULA,2338010
NALGONDA,23_1,CHANDUR,04,GUNDREPALLE,2338016
NALGONDA,23_1,CHANDUR,04,IDIKUDA,2338008
NALGONDA,23_1,CHANDUR,04,KASTHALA,2338015
NALGONDA,23_1,CHANDUR,04,KONDAPURAM,2338003
NALGONDA,23_1,CHANDUR,04,KUMANDANIGUDA,2338006
NALGONDA,23_1,CHANDUR,04,NERMATA,2338009
NALGONDA,23_1,CHANDUR,04,PULLEMLA,2338004
NALGONDA,23_1,CHANDUR,04,SIRDEPALLE,2338007
NALGONDA,23_1,CHANDUR,04,THUMMALAPALLE,2338017
NALGONDA,23_1,CHANDUR,04,UDATHALA PALLE,2338014
NALGONDA,23_1,CHINTHA PALLE,05,ANAJPUR,2356022
NALGONDA,23_1,CHINTHA PALLE,05,CHINTHA PALLI,2356019
NALGONDA,23_1,CHINTHA PALLE,05,GADYA GOWRARAM,2356012
NALGONDA,23_1,CHINTHA PALLE,05,GODKONDLA,2356001
NALGONDA,23_1,CHINTHA PALLE,05,HUMANTHULA PALLI,2356021
NALGONDA,23_1,CHINTHA PALLE,05,KOKKIRAYALA GOWRARAM,2356017
NALGONDA,23_1,CHINTHA PALLE,05,KURMA PALLI,2356008
NALGONDA,23_1,CHINTHA PALLE,05,KURMAIDU,2356005
NALGONDA,23_1,CHINTHA PALLE,05,MADNAPUR,2356003
NALGONDA,23_1,CHINTHA PALLE,05,MALLAREDDI PALLI,2356020
NALGONDA,23_1,CHINTHA PALLE,05,MALLE PALLI P.K.KURTHI,2356009
NALGONDA,23_1,CHINTHA PALLE,05,MELVALA PALLI,2356014
NALGONDA,23_1,CHINTHA PALLE,05,NASARLA PALLI,2356018
NALGONDA,23_1,CHINTHA PALLE,05,POLEPALLE RAMNAGAR,2356002
NALGONDA,23_1,CHINTHA PALLE,05,SAKALSEREPALLY,2356004
NALGONDA,23_1,CHINTHA PALLE,05,TAKATLA PALLI,2356007
NALGONDA,23_1,CHINTHA PALLE,05,TEEDED,2356016
NALGONDA,23_1,CHINTHA PALLE,05,TIRUMALAPUR,2356015
NALGONDA,23_1,CHINTHA PALLE,05,UMMAPUR,2356006
NALGONDA,23_1,CHINTHA PALLE,05,UPPARA PALLI,2356013
NALGONDA,23_1,CHITYAL,06,AIPOOR,2321003
NALGONDA,23_1,CHITYAL,06,CHINAKAPARTHY,2321014
NALGONDA,23_1,CHITYAL,06,CHITYAL,2321008
NALGONDA,23_1,CHITYAL,06,GUNDRAM PALLE,2321002
NALGONDA,23_1,CHITYAL,06,NERADA,2321012
NALGONDA,23_1,CHITYAL,06,PEDAKAPARTHY,2321007
NALGONDA,23_1,CHITYAL,06,PERE PALLE,2321004
NALGONDA,23_1,CHITYAL,06,PITTAM PALLE,2321005
NALGONDA,23_1,CHITYAL,06,SHIVANENI GUDEM,2321009
NALGONDA,23_1,CHITYAL,06,SUNKENE PALLE,2321001
NALGONDA,23_1,CHITYAL,06,TALLA YELLEMLA,2321015
NALGONDA,23_1,CHITYAL,06,URMADLA,2321013
NALGONDA,23_1,CHITYAL,06,VANIPAKALA,2321010
NALGONDA,23_1,CHITYAL,06,VELIMINEDU,2321006
NALGONDA,23_1,CHITYAL,06,WATTIMARTHY,2321011
NALGONDA,23_1,CHITYAL,06,YELIKATTA,2321016
NALGONDA,23_1,DAMERCHERLA,07,Dameracherla,2350011
NALGONDA,23_1,DAMERCHERLA,07,Dilawarpur,2350008
NALGONDA,23_1,DAMERCHERLA,07,Irkigudem,2350017
NALGONDA,23_1,DAMERCHERLA,07,Kalle pally,2350007
NALGONDA,23_1,DAMERCHERLA,07,Kesawapur,2350010
NALGONDA,23_1,DAMERCHERLA,07,Kondrapolu,2350009
NALGONDA,23_1,DAMERCHERLA,07,Kotha palli,2350015
NALGONDA,23_1,DAMERCHERLA,07,Narsapur,2350012
NALGONDA,23_1,DAMERCHERLA,07,Thalla veerappa gudem,2350016
NALGONDA,23_1,DAMERCHERLA,07,Timmapur,2350006
NALGONDA,23_1,DAMERCHERLA,07,Vada palli,2350018
NALGONDA,23_1,DAMERCHERLA,07,Veerla palem,2350013
NALGONDA,23_1,DEVARAKONDA,08,DEVARKONDA,2357017
NALGONDA,23_1,DEVARAKONDA,08,GOTTIMUKKALA,2357001
NALGONDA,23_1,DEVARAKONDA,08,IDDAM PALLI,2357002
NALGONDA,23_1,DEVARAKONDA,08,KACHARAM,2357021
NALGONDA,23_1,DEVARAKONDA,08,KOMME PALLI,2357019
NALGONDA,23_1,DEVARAKONDA,08,KONDABHEEMANA PALLI,2357005
NALGONDA,23_1,DEVARAKONDA,08,MADMADKA,2357023
NALGONDA,23_1,DEVARAKONDA,08,MUDIGONDA,2357006
NALGONDA,23_1,DEVARAKONDA,08,MYNAM PALLI,2357022
NALGONDA,23_1,DEVARAKONDA,08,PADAMATI PALLI,2357003
NALGONDA,23_1,DEVARAKONDA,08,PENCHIKAL PAHAD,2357018
NALGONDA,23_1,DEVARAKONDA,08,SERE PALLI,2357007
NALGONDA,23_1,DEVARAKONDA,08,SHAKAVALLY,2357024
NALGONDA,23_1,DEVARAKONDA,08,TATIKOLE,2357020
NALGONDA,23_1,DEVARAKONDA,08,TURUPU PALLI,2357004
NALGONDA,23_1,GATTUPPAL,33,ANTHAMPET,2337005
NALGONDA,23_1,GATTUPPAL,33,GHATTUPPAL,2338001
NALGONDA,23_1,GATTUPPAL,33,NAMAPUR,2337007
NALGONDA,23_1,GATTUPPAL,33,SOMRAJGUDA,2337006
NALGONDA,23_1,GATTUPPAL,33,THERATPALLE,2338002
NALGONDA,23_1,GATTUPPAL,33,VELMAKANNE,2335016
NALGONDA,23_1,GUDIPLLY,32,Bheemanapalli,2353007
NALGONDA,23_1,GUDIPLLY,32,Chilaka marry,2353002
NALGONDA,23_1,GUDIPLLY,32,Ghanpalli,2353006
NALGONDA,23_1,GUDIPLLY,32,Ghanpur,2353009
NALGONDA,23_1,GUDIPLLY,32,Ghatnemilipur,2353011
NALGONDA,23_1,GUDIPLLY,32,Gudipalli,2353004
NALGONDA,23_1,GUDIPLLY,32,Keshamneni palli,2353005
NALGONDA,23_1,GUDIPLLY,32,Madhapur,2353010
NALGONDA,23_1,GUDIPLLY,32,Polkampalli,2353008
NALGONDA,23_1,GUDIPLLY,32,Rollakal,2353003
NALGONDA,23_1,GUDIPLLY,32,Sure palli,2353001
KARIMNAGAR,20_1,CHIGURUMAMIDI,01,BOMMANAPALLE,2053006
KARIMNAGAR,20_1,CHIGURUMAMIDI,01,CHIGURUMAMIDI,2053004
KARIMNAGAR,20_1,CHIGURUMAMIDI,01,INDURTHI,2053008
KARIMNAGAR,20_1,CHIGURUMAMIDI,01,KONDAPUR,2053010
KARIMNAGAR,20_1,CHIGURUMAMIDI,01,MUDIMANIKYAM,2053001
KARIMNAGAR,20_1,CHIGURUMAMIDI,01,MULKANOOR,2053003
KARIMNAGAR,20_1,CHIGURUMAMIDI,01,NAWABPETA,2053009
KARIMNAGAR,20_1,CHIGURUMAMIDI,01,RAMANCHA,2053002
KARIMNAGAR,20_1,CHIGURUMAMIDI,01,REKENDA,2053005
KARIMNAGAR,20_1,CHIGURUMAMIDI,01,SUNDARAGIRI,2053007
KARIMNAGAR,20_1,CHIGURUMAMIDI,01,VALAMPALLE,2053011
KARIMNAGAR,20_1,CHOPPADANDI,02,ARNAKONDA,2030003
KARIMNAGAR,20_1,CHOPPADANDI,02,BHUPALAPATNAM,2030004
KARIMNAGAR,20_1,CHOPPADANDI,02,CHAKUNTA,2030011
KARIMNAGAR,20_1,CHOPPADANDI,02,CHITYALPALLE,2030002
KARIMNAGAR,20_1,CHOPPADANDI,02,CHOPPADANDI,2030005
KARIMNAGAR,20_1,CHOPPADANDI,02,GUMLAPUR,2030006
KARIMNAGAR,20_1,CHOPPADANDI,02,KATNEPALLE,2030007
KARIMNAGAR,20_1,CHOPPADANDI,02,KOLIMIKUNTA,2030010
KARIMNAGAR,20_1,CHOPPADANDI,02,KONERUPALLE,2030008
KARIMNAGAR,20_1,CHOPPADANDI,02,RAGAMPETA,2030001
KARIMNAGAR,20_1,CHOPPADANDI,02,RUKMAPUR,2030009
KARIMNAGAR,20_1,CHOPPADANDI,02,VEDURUGHATTA,2030012
KARIMNAGAR,20_1,ELLANDAKUNTA,03,BUJUNOOR,2033005
KARIMNAGAR,20_1,ELLANDAKUNTA,03,CHINNAKOMATIPALLI,2033013
KARIMNAGAR,20_1,ELLANDAKUNTA,03,ELLANTHAKUNTA,2033012
KARIMNAGAR,20_1,ELLANDAKUNTA,03,KANAGARTHI,2033018
KARIMNAGAR,20_1,ELLANDAKUNTA,03,MALLIAL,2033017
KARIMNAGAR,20_1,ELLANDAKUNTA,03,PATHARLAPALLI,2033016
KARIMNAGAR,20_1,ELLANDAKUNTA,03,RACHAPALLI,2033006
KARIMNAGAR,20_1,ELLANDAKUNTA,03,SIRSEDU,2033015
KARIMNAGAR,20_1,ELLANDAKUNTA,03,TEKURTHI,2033014
KARIMNAGAR,20_1,ELLANDAKUNTA,03,VANTHADUPULA,2033004
KARIMNAGAR,20_1,GANGADHARA,04,ACHAMPALLE,2027018
KARIMNAGAR,20_1,GANGADHARA,04,BURGUPALLE,2027005
KARIMNAGAR,20_1,GANGADHARA,04,GANGADHARA,2027009
KARIMNAGAR,20_1,GANGADHARA,04,GARSEKURTHI,2027017
KARIMNAGAR,20_1,GANGADHARA,04,GATTUBOOTHKUR,2027016
KARIMNAGAR,20_1,GANGADHARA,04,ISLAMPUR,2027011
KARIMNAGAR,20_1,GANGADHARA,04,KACHIREDDIPALLE,2027003
KARIMNAGAR,20_1,GANGADHARA,04,KONDAIPALLE,2027004
KARIMNAGAR,20_1,GANGADHARA,04,KURIKIAL,2027014
KARIMNAGAR,20_1,GANGADHARA,04,MALLAPUR,2027012
KARIMNAGAR,20_1,GANGADHARA,04,NAGIREDDIPUR,2027008
KARIMNAGAR,20_1,GANGADHARA,04,NARASIMHULAPALLE,2027006
KARIMNAGAR,20_1,GANGADHARA,04,NARAYANPUR,2027010
KARIMNAGAR,20_1,GANGADHARA,04,NAYALAKONDA PALLE,2027015
KARIMNAGAR,20_1,GANGADHARA,04,RYALAPALLE,2027002
KARIMNAGAR,20_1,GANGADHARA,04,SARVAREDDIPALLE,2027007
KARIMNAGAR,20_1,GANGADHARA,04,UPPARA MALLIAL,2027013
KARIMNAGAR,20_1,GANGADHARA,04,VADDYARAM,2027019
KARIMNAGAR,20_1,GANGADHARA,04,VENKATAIPALLE,2027001
KARIMNAGAR,20_1,GANNERUVARAM,05,GANNERVARAM,2046001
KARIMNAGAR,20_1,GANNERUVARAM,05,GOPALPUR,2046005
KARIMNAGAR,20_1,GANNERUVARAM,05,GUNKULKONDAPUR,2046013
KARIMNAGAR,20_1,GANNERUVARAM,05,JANGAPALLE,2046012
KARIMNAGAR,20_1,GANNERUVARAM,05,KHASIMPET,2046009
KARIMNAGAR,20_1,GANNERUVARAM,05,MADHAPUR,2046008
KARIMNAGAR,20_1,GANNERUVARAM,05,MYLARAM,2046007
KARIMNAGAR,20_1,GANNERUVARAM,05,PARVELLA,2046010
KARIMNAGAR,20_1,GANNERUVARAM,05,SANGAM (HANMAJIPALLE),2046006
KARIMNAGAR,20_1,GANNERUVARAM,05,YASWADA,2046002
KARIMNAGAR,20_1,HUZURABAD,06,BORNAPALLE,2049011
KARIMNAGAR,20_1,HUZURABAD,06,CHELPUR,2049005
KARIMNAGAR,20_1,HUZURABAD,06,DHARMARAJU PALLE,2049007
KARIMNAGAR,20_1,HUZURABAD,06,HUZURABAD,2049010
KARIMNAGAR,20_1,HUZURABAD,06,JUPAK,2049006
KARIMNAGAR,20_1,HUZURABAD,06,KANDUGULA,2049008
KARIMNAGAR,20_1,HUZURABAD,06,KANUKULAGIDDA,2049009
KARIMNAGAR,20_1,HUZURABAD,06,KATREPALLE,2049012
KARIMNAGAR,20_1,HUZURABAD,06,POTHAREDDIPETA,2049004
KARIMNAGAR,20_1,HUZURABAD,06,SINGAPUR,2049001
KARIMNAGAR,20_1,HUZURABAD,06,SIRSAPALLE,2049003
KARIMNAGAR,20_1,HUZURABAD,06,THUMMANAPALLE,2049002
KARIMNAGAR,20_1,JAMMIKUNTA,07,BIJGIRISHAREEF,2033007
KARIMNAGAR,20_1,JAMMIKUNTA,07,DHARMARAM (P.B),2033011
KARIMNAGAR,20_1,JAMMIKUNTA,07,JAMMIKUNTA,2033010
KARIMNAGAR,20_1,JAMMIKUNTA,07,KORAPALLI,2033008
KARIMNAGAR,20_1,JAMMIKUNTA,07,MADIPALLI,2033019
KARIMNAGAR,20_1,JAMMIKUNTA,07,SAIDABAD,2033009
KARIMNAGAR,20_1,JAMMIKUNTA,07,THANGULA,2033002
KARIMNAGAR,20_1,JAMMIKUNTA,07,VAVILALA,2033003
KARIMNAGAR,20_1,JAMMIKUNTA,07,VILASAGAR,2033001
KARIMNAGAR,20_1,KARIMNAGAR,08,KARIMNAGAR (U),2036026
KARIMNAGAR,20_1,KARIMNAGAR RURAL,09,AREPALLE,2036021
KARIMNAGAR,20_1,KARIMNAGAR RURAL,09,BOMMAKAL,2036027
KARIMNAGAR,20_1,KARIMNAGAR RURAL,09,CHAMANPALLE,2036014
KARIMNAGAR,20_1,KARIMNAGAR RURAL,09,CHEGURTI,2036029
KARIMNAGAR,20_1,KARIMNAGAR RURAL,09,CHERLABUTHKUR,2036016
KARIMNAGAR,20_1,KARIMNAGAR RURAL,09,DURSHED,2036028
KARIMNAGAR,20_1,KARIMNAGAR RURAL,09,ELBOTHARAM,2036019
KARIMNAGAR,20_1,KARIMNAGAR RURAL,09,FAKIRPET,2036013
KARIMNAGAR,20_1,KARIMNAGAR RURAL,09,IRUKULLA,2036018
KARIMNAGAR,20_1,KARIMNAGAR RURAL,09,JUBLINAGAR,2036012
KARIMNAGAR,20_1,KARIMNAGAR RURAL,09,MAQDUMPUR,2036017
KARIMNAGAR,20_1,KARIMNAGAR RURAL,09,NAGUNUR,2036011
KARIMNAGAR,20_1,KARIMNAGAR RURAL,09,TAHARAKONDAPUR,2036015
KARIMNAGAR,20_1,KARIMNAGAR RURAL,09,WALLAMPAHAD,2036020
KARIMNAGAR,20_1,KOTHAPALLI,10,ASIFNAGAR @BAHUPET,2036003
KARIMNAGAR,20_1,KOTHAPALLI,10,BADDIPALLE,2036001
KARIMNAGAR,20_1,KOTHAPALLI,10,CHINTAKUNTA,2036023
KARIMNAGAR,20_1,KOTHAPALLI,10,ELGANDAL,2036005
KARIMNAGAR,20_1,KOTHAPALLI,10,KAMANPUR,2036006
KARIMNAGAR,20_1,KOTHAPALLI,10,KHAJIPUR,2036004
KARIMNAGAR,20_1,KOTHAPALLI,10,KOTHAPALLE(HAVELI)(URB),2036010
KARIMNAGAR,20_1,KOTHAPALLI,10,LAKSHMIPUR,2036008
KARIMNAGAR,20_1,KOTHAPALLI,10,MALKAPUR,2036007
KARIMNAGAR,20_1,KOTHAPALLI,10,NAGULAMALIAL,2036002
KARIMNAGAR,20_1,KOTHAPALLI,10,REKURTHI,2036009
KARIMNAGAR,20_1,KOTHAPALLI,10,SEETHARAMPUR,2036022
